CustomerID,Snapshot_Date,Recency,Frequency,Monetary,R_Score,F_Score,M_Score,RFM_Score,Segment,Cluster,predicted_clv_12m,CLV_Quartile
16928,2010-12-31,29,1,116.25,1,1,1,111,Lost,Cluster 1,2346.064268415358,Q4 (High)
17924,2010-12-31,29,1,279.0,1,2,2,122,Lost,Cluster 1,2223.6870423111486,Q4 (High)
16218,2010-12-31,29,1,471.3,1,4,4,144,At Risk (High Value),Cluster 3,2204.044566273081,Q4 (High)
14307,2010-12-31,29,1,783.11,1,4,5,145,At Risk (High Value),Cluster 3,1891.7270198579831,Q4 (High)
13047,2010-12-31,29,3,366.63,1,5,3,153,At Risk (High Value),Cluster 0,2405.9624665031465,Q4 (High)
14390,2010-12-31,28,1,223.7,1,2,2,122,Lost,Cluster 1,3556.18544826727,Q4 (High)
15752,2010-12-31,28,1,259.65,1,2,2,122,Lost,Cluster 3,2053.095363483037,Q4 (High)
17567,2010-12-31,28,1,517.95,1,4,4,144,At Risk (High Value),Cluster 3,3117.4726457690226,Q4 (High)
15955,2010-12-31,28,1,572.38,1,4,4,144,At Risk (High Value),Cluster 3,3171.253170284236,Q4 (High)
15093,2010-12-31,28,1,623.73,1,4,4,144,At Risk (High Value),Cluster 3,3178.2434569823554,Q4 (High)
13941,2010-12-31,28,1,1095.12,1,4,5,145,At Risk (High Value),Cluster 0,3166.447505653627,Q4 (High)
17581,2010-12-31,28,2,786.78,1,5,5,155,At Risk (High Value),Cluster 0,7855.505147204291,Q4 (High)
17850,2010-12-31,28,34,5391.21,1,5,5,155,At Risk (High Value),Cluster 2,2667.600054127935,Q4 (High)
15769,2010-12-31,27,1,91.8,1,1,1,111,Lost,Cluster 1,42524.16238603531,Q4 (High)
16905,2010-12-31,27,1,254.4,1,2,2,122,Lost,Cluster 3,2335.7554863597725,Q4 (High)
17949,2010-12-31,27,1,1314.0,1,4,5,145,At Risk (High Value),Cluster 0,43116.99771273539,Q4 (High)
17238,2010-12-31,27,2,370.09,1,4,3,143,At Risk (High Value),Cluster 3,2854.814012904558,Q4 (High)
13013,2010-12-31,27,2,1528.34,1,5,5,155,At Risk (High Value),Cluster 0,2786.242605224406,Q4 (High)
13081,2010-12-31,27,2,2366.78,1,5,5,155,At Risk (High Value),Cluster 0,19331.503949293154,Q4 (High)
17809,2010-12-31,27,3,1251.5,1,5,5,155,At Risk (High Value),Cluster 0,4284.6681472013925,Q4 (High)
16814,2010-12-31,25,1,273.29,1,2,2,122,Lost,Cluster 3,4987.532554621131,Q4 (High)
16168,2010-12-31,25,1,275.8,1,2,2,122,Lost,Cluster 3,3022.164834516465,Q4 (High)
16241,2010-12-31,25,1,277.65,1,2,2,122,Lost,Cluster 3,2078.6123908051936,Q4 (High)
16327,2010-12-31,25,1,505.0,2,4,4,244,At Risk (High Value),Cluster 3,2706.018166087008,Q4 (High)
16839,2010-12-31,25,1,552.24,2,4,4,244,At Risk (High Value),Cluster 3,12537.29225620769,Q4 (High)
17059,2010-12-31,25,1,722.36,2,4,5,245,At Risk (High Value),Cluster 3,2013.336551782428,Q4 (High)
17402,2010-12-31,25,2,459.97,2,4,4,244,At Risk (High Value),Cluster 3,1943.628716791481,Q4 (High)
12841,2010-12-31,25,2,505.99,2,4,4,244,At Risk (High Value),Cluster 3,3146.1762586709187,Q4 (High)
15984,2010-12-31,24,1,122.7,2,1,1,211,Lost,Cluster 1,2324.4531703785988,Q4 (High)
15301,2010-12-31,24,1,673.37,2,4,5,245,At Risk (High Value),Cluster 3,3591.876164821072,Q4 (High)
17920,2010-12-31,24,2,663.06,2,5,5,255,At Risk (High Value),Cluster 3,3077.838140257707,Q4 (High)
15502,2010-12-31,24,3,929.4,2,5,5,255,At Risk (High Value),Cluster 0,4835.351410558498,Q4 (High)
17381,2010-12-31,24,3,3603.72,2,5,5,255,At Risk (High Value),Cluster 0,14746.982744698274,Q4 (High)
13880,2010-12-31,23,1,97.8,2,1,1,211,Lost,Cluster 1,2672.9849645118297,Q4 (High)
17091,2010-12-31,23,1,293.45,2,2,3,223,Lost,Cluster 3,2927.000581214616,Q4 (High)
17735,2010-12-31,23,1,454.6,2,4,4,244,At Risk (High Value),Cluster 3,9915.31238094892,Q4 (High)
14282,2010-12-31,23,1,571.0,2,4,4,244,At Risk (High Value),Cluster 3,2716.763186948413,Q4 (High)
14739,2010-12-31,23,1,713.88,2,4,5,245,At Risk (High Value),Cluster 3,2675.1917377219847,Q4 (High)
15838,2010-12-31,23,1,957.5,2,4,5,245,At Risk (High Value),Cluster 3,24910.18292786152,Q4 (High)
13488,2010-12-31,23,1,1381.92,2,4,5,245,At Risk (High Value),Cluster 3,6020.769022197035,Q4 (High)
17954,2010-12-31,23,2,128.68,2,4,1,241,At Risk (High Value),Cluster 3,1989.96188751832,Q4 (High)
16904,2010-12-31,23,2,338.7,2,4,3,243,At Risk (High Value),Cluster 3,2852.5213468610673,Q4 (High)
17419,2010-12-31,23,2,374.27,2,4,3,243,At Risk (High Value),Cluster 3,3226.286012538644,Q4 (High)
17450,2010-12-31,23,2,2028.84,2,5,5,255,At Risk (High Value),Cluster 0,146594.98194383507,Q4 (High)
14866,2010-12-31,22,1,103.68,2,1,1,211,Lost,Cluster 1,10940.915571866166,Q4 (High)
16081,2010-12-31,22,1,157.6,2,1,1,211,Lost,Cluster 3,2228.77237540613,Q4 (High)
14766,2010-12-31,22,1,180.4,2,2,2,222,Lost,Cluster 3,2008.3463227343636,Q4 (High)
13523,2010-12-31,22,1,566.95,2,4,4,244,At Risk (High Value),Cluster 3,2712.1521439431317,Q4 (High)
15750,2010-12-31,22,2,340.52,2,4,3,243,At Risk (High Value),Cluster 3,1903.7902640775264,Q4 (High)
13599,2010-12-31,22,2,352.84,2,4,3,243,At Risk (High Value),Cluster 3,3977.5761430034977,Q4 (High)
18229,2010-12-31,22,2,653.2,2,5,4,254,At Risk (High Value),Cluster 3,5534.041511286454,Q4 (High)
12921,2010-12-31,22,2,687.8,2,5,5,255,At Risk (High Value),Cluster 3,12528.181160935588,Q4 (High)
17924,2011-01-31,60,1,279.0,1,2,2,122,Lost,Cluster 1,2223.6870423111486,Q4 (High)
13047,2011-01-31,60,3,366.63,1,5,3,153,At Risk (High Value),Cluster 0,2405.9624665031465,Q4 (High)
14390,2011-01-31,59,1,223.7,1,2,2,122,Lost,Cluster 1,3556.18544826727,Q4 (High)
15752,2011-01-31,59,1,259.65,1,2,2,122,Lost,Cluster 1,2053.095363483037,Q4 (High)
16186,2011-01-31,59,1,307.68,1,2,3,123,Lost,Cluster 1,3065.443619058371,Q4 (High)
14388,2011-01-31,59,1,312.8,1,2,3,123,Lost,Cluster 1,2455.2360679694366,Q4 (High)
13941,2011-01-31,59,1,1095.12,1,4,5,145,At Risk (High Value),Cluster 0,3166.447505653627,Q4 (High)
17850,2011-01-31,59,34,5391.21,1,5,5,155,At Risk (High Value),Cluster 2,2667.600054127935,Q4 (High)
16905,2011-01-31,58,1,254.4,1,2,2,122,Lost,Cluster 1,2335.7554863597725,Q4 (High)
13013,2011-01-31,58,2,1528.34,1,5,5,155,At Risk (High Value),Cluster 0,2786.242605224406,Q4 (High)
17809,2011-01-31,58,3,1251.5,1,5,5,155,At Risk (High Value),Cluster 0,4284.6681472013925,Q4 (High)
15502,2011-01-31,55,3,929.4,1,5,5,155,At Risk (High Value),Cluster 0,4835.351410558498,Q4 (High)
13880,2011-01-31,54,1,97.8,1,1,1,111,Lost,Cluster 1,2672.9849645118297,Q4 (High)
15838,2011-01-31,54,1,957.5,1,4,5,145,At Risk (High Value),Cluster 0,24910.18292786152,Q4 (High)
14866,2011-01-31,53,1,103.68,1,1,1,111,Lost,Cluster 1,10940.915571866166,Q4 (High)
16081,2011-01-31,53,1,157.6,1,1,1,111,Lost,Cluster 1,2228.77237540613,Q4 (High)
14766,2011-01-31,53,1,180.4,1,1,2,112,Lost,Cluster 1,2008.3463227343636,Q4 (High)
16717,2011-01-31,53,1,307.25,1,2,3,123,Lost,Cluster 1,2905.847896850874,Q4 (High)
15750,2011-01-31,53,2,340.52,1,4,3,143,At Risk (High Value),Cluster 1,1903.7902640775264,Q4 (High)
16722,2011-01-31,53,2,799.52,2,4,4,244,At Risk (High Value),Cluster 0,3533.987523942448,Q4 (High)
17706,2011-01-31,53,3,477.83,2,5,4,254,At Risk (High Value),Cluster 0,7859.7390043839005,Q4 (High)
18225,2011-01-31,52,1,30.0,2,1,1,211,Lost,Cluster 1,4467.32827753475,Q4 (High)
15288,2011-01-31,52,1,165.65,2,1,1,211,Lost,Cluster 1,1876.5178253529616,Q4 (High)
17530,2011-01-31,52,1,300.64,2,2,2,222,Lost,Cluster 1,1888.292088908426,Q4 (High)
13327,2011-01-31,52,2,745.0,2,4,4,244,At Risk (High Value),Cluster 0,2463.1731309140364,Q4 (High)
18102,2011-01-31,52,4,27834.61,2,5,5,255,At Risk (High Value),Cluster 2,177961.1420823724,Q4 (High)
16873,2011-01-31,51,1,2157.64,2,4,5,245,At Risk (High Value),Cluster 0,3957.601038997725,Q4 (High)
17696,2011-01-31,51,2,175.6,2,4,1,241,At Risk (High Value),Cluster 1,1902.77894513578,Q4 (High)
18065,2011-01-31,51,2,345.02,2,4,3,243,At Risk (High Value),Cluster 1,1839.7176047728892,Q4 (High)
16265,2011-01-31,51,2,840.81,2,4,5,245,At Risk (High Value),Cluster 0,3760.0392260833737,Q4 (High)
13448,2011-01-31,51,3,829.54,2,5,5,255,At Risk (High Value),Cluster 0,2509.2120778318704,Q4 (High)
14159,2011-01-31,49,1,189.92,2,2,2,222,Lost,Cluster 1,3703.7861345077695,Q4 (High)
15998,2011-01-31,49,1,863.39,2,4,5,245,At Risk (High Value),Cluster 0,1944.293696861148,Q4 (High)
16393,2011-01-31,49,2,291.55,2,4,2,242,At Risk (High Value),Cluster 1,2488.8434392276963,Q4 (High)
16011,2011-01-31,49,2,398.6,2,4,3,243,At Risk (High Value),Cluster 1,2715.8763058164654,Q4 (High)
17819,2011-01-31,49,2,980.12,2,4,5,245,At Risk (High Value),Cluster 0,2594.3389855784635,Q4 (High)
13269,2011-01-31,48,2,662.17,2,4,4,244,At Risk (High Value),Cluster 0,4078.7576171922874,Q4 (High)
17937,2011-01-31,48,2,2153.88,2,5,5,255,At Risk (High Value),Cluster 0,2499.3763891151784,Q4 (High)
15555,2011-01-31,48,3,988.57,2,5,5,255,At Risk (High Value),Cluster 0,3804.190275739923,Q4 (High)
18044,2011-01-31,47,1,74.25,2,1,1,211,Lost,Cluster 1,1883.1495237841168,Q4 (High)
16458,2011-01-31,47,1,193.9,2,2,2,222,Lost,Cluster 1,2895.1057682830105,Q4 (High)
16556,2011-01-31,47,1,310.85,2,2,3,223,Lost,Cluster 1,2579.2873597515036,Q4 (High)
15356,2011-01-31,47,2,338.92,2,4,3,243,At Risk (High Value),Cluster 1,2262.299190698378,Q4 (High)
16710,2011-01-31,47,2,519.92,2,4,4,244,At Risk (High Value),Cluster 0,1901.288278843733,Q4 (High)
16919,2011-01-31,47,2,540.01,2,4,4,244,At Risk (High Value),Cluster 0,2058.3747988419263,Q4 (High)
14057,2011-01-31,47,2,925.92,2,4,5,245,At Risk (High Value),Cluster 0,4396.041215747771,Q4 (High)
14961,2011-01-31,47,2,1182.7,2,4,5,245,At Risk (High Value),Cluster 0,4730.652989038932,Q4 (High)
16553,2011-01-31,47,2,1609.44,2,5,5,255,At Risk (High Value),Cluster 0,3344.3577726243952,Q4 (High)
14907,2011-01-31,47,3,960.69,2,5,5,255,At Risk (High Value),Cluster 0,2429.1195789380554,Q4 (High)
15514,2011-01-31,47,4,1824.71,2,5,5,255,At Risk (High Value),Cluster 0,2209.206506718402,Q4 (High)
17017,2011-01-31,47,5,2357.64,2,5,5,255,At Risk (High Value),Cluster 0,6176.419872444874,Q4 (High)
13124,2011-01-31,46,1,1256.32,2,4,5,245,At Risk (High Value),Cluster 0,2047.8459246591824,Q4 (High)
17346,2011-01-31,46,2,235.34,2,4,2,242,At Risk (High Value),Cluster 1,2200.2976743436534,Q4 (High)
13418,2011-01-31,46,5,1579.62,2,5,5,255,At Risk (High Value),Cluster 0,4429.443075861169,Q4 (High)
14309,2011-01-31,45,1,147.75,2,1,1,211,Lost,Cluster 1,2026.632473628063,Q4 (High)
13021,2011-01-31,45,1,157.35,2,1,1,211,Lost,Cluster 1,2205.5123951540086,Q4 (High)
16945,2011-01-31,45,1,279.85,2,2,2,222,Lost,Cluster 1,3475.4481279038914,Q4 (High)
16316,2011-01-31,45,1,308.22,2,2,3,223,Lost,Cluster 1,2315.042909413625,Q4 (High)
17659,2011-01-31,45,2,359.95,2,4,3,243,At Risk (High Value),Cluster 1,2387.988415618861,Q4 (High)
14825,2011-01-31,45,2,396.43,2,4,3,243,At Risk (High Value),Cluster 0,1878.2788790693055,Q4 (High)
15482,2011-01-31,45,2,548.44,2,4,4,244,At Risk (High Value),Cluster 0,8068.052354318614,Q4 (High)
16705,2011-01-31,45,2,1131.72,2,4,5,245,At Risk (High Value),Cluster 0,10197.61545355856,Q4 (High)
17857,2011-01-31,45,2,1340.7,2,5,5,255,At Risk (High Value),Cluster 0,18575.58410587993,Q4 (High)
13756,2011-01-31,45,3,1004.4,2,5,5,255,At Risk (High Value),Cluster 0,3836.6285417276417,Q4 (High)
18055,2011-01-31,45,3,1751.12,2,5,5,255,At Risk (High Value),Cluster 0,5026.647903654261,Q4 (High)
16210,2011-01-31,45,4,7000.64,2,5,5,255,At Risk (High Value),Cluster 0,14165.940546105814,Q4 (High)
14390,2011-02-28,87,1,223.7,1,2,2,122,Lost,Cluster 1,3556.18544826727,Q4 (High)
15752,2011-02-28,87,1,259.65,1,2,2,122,Lost,Cluster 1,2053.095363483037,Q4 (High)
16186,2011-02-28,87,1,307.68,1,2,2,122,Lost,Cluster 1,3065.443619058371,Q4 (High)
14388,2011-02-28,87,1,312.8,1,2,3,123,Lost,Cluster 1,2455.2360679694366,Q4 (High)
17850,2011-02-28,87,34,5391.21,1,5,5,155,At Risk (High Value),Cluster 2,2667.600054127935,Q4 (High)
16905,2011-02-28,86,1,254.4,1,2,2,122,Lost,Cluster 1,2335.7554863597725,Q4 (High)
13013,2011-02-28,86,2,1528.34,1,4,5,145,At Risk (High Value),Cluster 0,2786.242605224406,Q4 (High)
15502,2011-02-28,83,3,929.4,1,5,5,155,At Risk (High Value),Cluster 0,4835.351410558498,Q4 (High)
14866,2011-02-28,81,1,103.68,1,1,1,111,Lost,Cluster 1,10940.915571866166,Q4 (High)
16081,2011-02-28,81,1,157.6,1,1,1,111,Lost,Cluster 1,2228.77237540613,Q4 (High)
14766,2011-02-28,81,1,180.4,1,1,2,112,Lost,Cluster 1,2008.3463227343636,Q4 (High)
16717,2011-02-28,81,1,307.25,1,2,2,122,Lost,Cluster 1,2905.847896850874,Q4 (High)
15628,2011-02-28,81,1,319.18,1,2,3,123,Lost,Cluster 1,2245.452533597535,Q4 (High)
15750,2011-02-28,81,2,340.52,1,4,3,143,At Risk (High Value),Cluster 1,1903.7902640775264,Q4 (High)
15288,2011-02-28,80,1,165.65,1,1,1,111,Lost,Cluster 1,1876.5178253529616,Q4 (High)
16873,2011-02-28,79,1,2157.64,1,4,5,145,At Risk (High Value),Cluster 0,3957.601038997725,Q4 (High)
17696,2011-02-28,79,2,175.6,1,4,1,141,At Risk (High Value),Cluster 1,1902.77894513578,Q4 (High)
13448,2011-02-28,79,3,829.54,1,5,4,154,At Risk (High Value),Cluster 0,2509.2120778318704,Q4 (High)
14159,2011-02-28,77,1,189.92,1,2,2,122,Lost,Cluster 1,3703.7861345077695,Q4 (High)
13269,2011-02-28,76,2,662.17,1,4,4,144,At Risk (High Value),Cluster 0,4078.7576171922874,Q4 (High)
15555,2011-02-28,76,3,988.57,1,5,5,155,At Risk (High Value),Cluster 0,3804.190275739923,Q4 (High)
18044,2011-02-28,75,1,74.25,1,1,1,111,Lost,Cluster 1,1883.1495237841168,Q4 (High)
16710,2011-02-28,75,2,519.92,1,4,4,144,At Risk (High Value),Cluster 0,1901.288278843733,Q4 (High)
16919,2011-02-28,75,2,540.01,2,4,4,244,At Risk (High Value),Cluster 0,2058.3747988419263,Q4 (High)
14907,2011-02-28,75,3,960.69,2,5,5,255,At Risk (High Value),Cluster 0,2429.1195789380554,Q4 (High)
15514,2011-02-28,75,4,1824.71,2,5,5,255,At Risk (High Value),Cluster 0,2209.206506718402,Q4 (High)
13418,2011-02-28,74,5,1579.62,2,5,5,255,At Risk (High Value),Cluster 0,4429.443075861169,Q4 (High)
13021,2011-02-28,73,1,157.35,2,1,1,211,Lost,Cluster 1,2205.5123951540086,Q4 (High)
16316,2011-02-28,73,1,308.22,2,2,2,222,Lost,Cluster 1,2315.042909413625,Q4 (High)
15482,2011-02-28,73,2,548.44,2,4,4,244,At Risk (High Value),Cluster 0,8068.052354318614,Q4 (High)
13756,2011-02-28,73,3,1004.4,2,5,5,255,At Risk (High Value),Cluster 0,3836.6285417276417,Q4 (High)
14032,2011-02-28,70,2,619.42,2,4,4,244,At Risk (High Value),Cluster 0,2354.141784202059,Q4 (High)
13027,2011-02-28,69,1,1440.0,2,4,5,245,At Risk (High Value),Cluster 0,4416.536687053772,Q4 (High)
17069,2011-02-28,69,2,583.2,2,4,4,244,At Risk (High Value),Cluster 0,2111.269040806558,Q4 (High)
17340,2011-02-28,69,2,4360.39,2,4,5,245,At Risk (High Value),Cluster 0,7471.157241940485,Q4 (High)
17211,2011-02-28,68,3,779.71,2,5,4,254,At Risk (High Value),Cluster 0,1846.8935290651484,Q4 (High)
14732,2011-02-28,54,1,203.1,2,2,2,222,Lost,Cluster 1,2339.4874365896226,Q4 (High)
14221,2011-02-28,54,1,312.95,2,2,3,223,Lost,Cluster 1,2803.7716060206026,Q4 (High)
16241,2011-02-28,54,2,436.38,2,4,3,243,At Risk (High Value),Cluster 0,2078.6123908051936,Q4 (High)
18097,2011-02-28,54,2,657.18,2,4,4,244,At Risk (High Value),Cluster 0,2174.1769888303743,Q4 (High)
16532,2011-02-28,53,1,1910.4,2,4,5,245,At Risk (High Value),Cluster 0,3840.796414044864,Q4 (High)
14739,2011-02-28,53,2,943.44,2,4,5,245,At Risk (High Value),Cluster 0,2675.1917377219847,Q4 (High)
15034,2011-02-28,53,2,1403.85,2,4,5,245,At Risk (High Value),Cluster 0,2962.9831952915974,Q4 (High)
13225,2011-02-28,53,2,2470.44,2,4,5,245,At Risk (High Value),Cluster 0,4239.117360684399,Q4 (High)
15271,2011-02-28,52,2,364.85,2,4,3,243,At Risk (High Value),Cluster 1,2164.188964534491,Q4 (High)
14505,2011-02-28,52,2,1355.66,2,4,5,245,At Risk (High Value),Cluster 0,3936.333464923253,Q4 (High)
13680,2011-02-28,52,2,2391.59,2,4,5,245,At Risk (High Value),Cluster 0,2482.160554617943,Q4 (High)
13599,2011-02-28,52,3,721.98,2,5,4,254,At Risk (High Value),Cluster 0,3977.5761430034977,Q4 (High)
13426,2011-02-28,51,2,639.43,2,4,4,244,At Risk (High Value),Cluster 0,2861.025640119726,Q4 (High)
16549,2011-02-28,49,1,119.49,2,1,1,211,Lost,Cluster 1,3491.3387765855887,Q4 (High)
14395,2011-02-28,49,2,689.36,2,4,4,244,At Risk (High Value),Cluster 0,2667.153950151698,Q4 (High)
18260,2011-02-28,49,2,787.77,2,4,4,244,At Risk (High Value),Cluster 0,2104.4631519237305,Q4 (High)
13758,2011-02-28,49,3,1141.25,2,5,5,255,At Risk (High Value),Cluster 0,2380.1481668516208,Q4 (High)
14800,2011-02-28,49,3,1753.64,2,5,5,255,At Risk (High Value),Cluster 0,3162.5072380392053,Q4 (High)
17739,2011-02-28,48,2,682.59,2,4,4,244,At Risk (High Value),Cluster 0,2158.5924895103944,Q4 (High)
17365,2011-02-28,47,2,742.66,2,4,4,244,At Risk (High Value),Cluster 0,3565.528200208053,Q4 (High)
15749,2011-02-28,47,2,22998.4,2,4,5,245,At Risk (High Value),Cluster 0,15027.532060643054,Q4 (High)
17450,2011-02-28,47,5,20649.04,2,5,5,255,At Risk (High Value),Cluster 2,146594.98194383507,Q4 (High)
15727,2011-02-28,46,2,2071.7,2,4,5,245,At Risk (High Value),Cluster 0,3061.157266186707,Q4 (High)
13267,2011-02-28,46,3,933.97,2,5,5,255,At Risk (High Value),Cluster 0,3515.966292576476,Q4 (High)
15694,2011-02-28,45,3,1230.12,2,5,5,255,At Risk (High Value),Cluster 0,4913.361444028433,Q4 (High)
18092,2011-02-28,45,4,3111.84,2,5,5,255,At Risk (High Value),Cluster 0,6005.277702427005,Q4 (High)
14329,2011-02-28,44,1,1547.58,2,4,5,245,At Risk (High Value),Cluster 0,3090.039392040948,Q4 (High)
17402,2011-02-28,44,3,571.87,2,5,4,254,At Risk (High Value),Cluster 0,1943.628716791481,Q4 (High)
17581,2011-02-28,44,3,1235.73,2,5,5,255,At Risk (High Value),Cluster 0,7855.505147204291,Q4 (High)
13700,2011-02-28,42,2,139.52,2,4,1,241,At Risk (High Value),Cluster 1,2094.7835231617423,Q4 (High)
13527,2011-02-28,41,1,110.45,2,1,1,211,Lost,Cluster 1,2082.5705509365444,Q4 (High)
13209,2011-02-28,41,2,430.2,2,4,3,243,At Risk (High Value),Cluster 0,4427.626709697586,Q4 (High)
13769,2011-02-28,41,2,626.32,2,4,4,244,At Risk (High Value),Cluster 0,2183.681941636603,Q4 (High)
14525,2011-02-28,41,2,726.95,2,4,4,244,At Risk (High Value),Cluster 0,3170.1038752554755,Q4 (High)
16670,2011-02-28,41,3,778.51,2,5,4,254,At Risk (High Value),Cluster 0,3160.6403923691123,Q4 (High)
17690,2011-02-28,41,5,1570.65,2,5,5,255,At Risk (High Value),Cluster 0,3574.9159313499317,Q4 (High)
14135,2011-02-28,41,7,1811.91,2,5,5,255,At Risk (High Value),Cluster 0,3477.1923855541886,Q4 (High)
13263,2011-02-28,40,1,141.66,2,1,1,211,Lost,Cluster 1,6554.72099432363,Q4 (High)
14390,2011-03-31,118,1,223.7,1,2,2,122,Lost,Cluster 1,3556.18544826727,Q4 (High)
16186,2011-03-31,118,1,307.68,1,2,2,122,Lost,Cluster 1,3065.443619058371,Q4 (High)
17850,2011-03-31,118,34,5391.21,1,5,5,155,At Risk (High Value),Cluster 2,2667.600054127935,Q4 (High)
13013,2011-03-31,117,2,1528.34,1,4,5,145,At Risk (High Value),Cluster 0,2786.242605224406,Q4 (High)
14866,2011-03-31,112,1,103.68,1,1,1,111,Lost,Cluster 1,10940.915571866166,Q4 (High)
16717,2011-03-31,112,1,307.25,1,2,2,122,Lost,Cluster 1,2905.847896850874,Q4 (High)
13448,2011-03-31,110,3,829.54,1,5,4,154,At Risk (High Value),Cluster 0,2509.2120778318704,Q4 (High)
13269,2011-03-31,107,2,662.17,1,4,4,144,At Risk (High Value),Cluster 0,4078.7576171922874,Q4 (High)
15555,2011-03-31,107,3,988.57,1,5,4,154,At Risk (High Value),Cluster 0,3804.190275739923,Q4 (High)
16919,2011-03-31,106,2,540.01,1,4,4,144,At Risk (High Value),Cluster 0,2058.3747988419263,Q4 (High)
14907,2011-03-31,106,3,960.69,1,5,4,154,At Risk (High Value),Cluster 0,2429.1195789380554,Q4 (High)
13418,2011-03-31,105,5,1579.62,1,5,5,155,At Risk (High Value),Cluster 0,4429.443075861169,Q4 (High)
15482,2011-03-31,104,2,548.44,1,4,4,144,At Risk (High Value),Cluster 0,8068.052354318614,Q4 (High)
13756,2011-03-31,104,3,1004.4,1,5,5,155,At Risk (High Value),Cluster 0,3836.6285417276417,Q4 (High)
17069,2011-03-31,100,2,583.2,1,4,4,144,At Risk (High Value),Cluster 0,2111.269040806558,Q4 (High)
17340,2011-03-31,100,2,4360.39,1,4,5,145,At Risk (High Value),Cluster 0,7471.157241940485,Q4 (High)
14221,2011-03-31,85,1,312.95,1,2,3,123,Lost,Cluster 1,2803.7716060206026,Q4 (High)
16241,2011-03-31,85,2,436.38,1,4,3,143,At Risk (High Value),Cluster 1,2078.6123908051936,Q4 (High)
18097,2011-03-31,85,2,657.18,1,4,4,144,At Risk (High Value),Cluster 0,2174.1769888303743,Q4 (High)
14739,2011-03-31,84,2,943.44,1,4,4,144,At Risk (High Value),Cluster 0,2675.1917377219847,Q4 (High)
15271,2011-03-31,83,2,364.85,1,4,3,143,At Risk (High Value),Cluster 1,2164.188964534491,Q4 (High)
13680,2011-03-31,83,2,2391.59,1,4,5,145,At Risk (High Value),Cluster 0,2482.160554617943,Q4 (High)
16549,2011-03-31,80,1,119.49,1,1,1,111,Lost,Cluster 1,3491.3387765855887,Q4 (High)
13758,2011-03-31,80,3,1141.25,2,5,5,255,At Risk (High Value),Cluster 0,2380.1481668516208,Q4 (High)
17739,2011-03-31,79,2,682.59,2,4,4,244,At Risk (High Value),Cluster 0,2158.5924895103944,Q4 (High)
15749,2011-03-31,78,2,22998.4,2,4,5,245,At Risk (High Value),Cluster 0,15027.532060643054,Q4 (High)
15727,2011-03-31,77,2,2071.7,2,4,5,245,At Risk (High Value),Cluster 0,3061.157266186707,Q4 (High)
18092,2011-03-31,76,4,3111.84,2,5,5,255,At Risk (High Value),Cluster 0,6005.277702427005,Q4 (High)
14175,2011-03-31,75,1,322.58,2,2,3,223,Lost,Cluster 1,2497.0299589952774,Q4 (High)
17402,2011-03-31,75,3,571.87,2,4,4,244,At Risk (High Value),Cluster 0,1943.628716791481,Q4 (High)
13527,2011-03-31,72,1,110.45,2,1,1,211,Lost,Cluster 1,2082.5705509365444,Q4 (High)
13209,2011-03-31,72,2,430.2,2,4,3,243,At Risk (High Value),Cluster 1,4427.626709697586,Q4 (High)
14135,2011-03-31,72,7,1811.91,2,5,5,255,At Risk (High Value),Cluster 0,3477.1923855541886,Q4 (High)
17091,2011-03-31,70,2,888.15,2,4,4,244,At Risk (High Value),Cluster 0,2927.000581214616,Q4 (High)
14307,2011-03-31,70,2,1270.56,2,4,5,245,At Risk (High Value),Cluster 0,1891.7270198579831,Q4 (High)
14062,2011-03-31,69,4,3096.39,2,5,5,255,At Risk (High Value),Cluster 0,7475.405302275965,Q4 (High)
14341,2011-03-31,64,2,335.63,2,4,3,243,At Risk (High Value),Cluster 1,1855.8953884178964,Q4 (High)
13198,2011-03-31,64,2,1184.74,2,4,5,245,At Risk (High Value),Cluster 0,2560.4886603099626,Q4 (High)
18077,2011-03-31,64,3,711.46,2,5,4,254,At Risk (High Value),Cluster 0,2136.2665589216954,Q4 (High)
14299,2011-03-31,64,4,1565.94,2,5,5,255,At Risk (High Value),Cluster 0,2980.4140753727434,Q4 (High)
17213,2011-03-31,62,3,936.95,2,5,4,254,At Risk (High Value),Cluster 0,2134.3966407586167,Q4 (High)
15365,2011-03-31,61,1,208.61,2,2,2,222,Lost,Cluster 1,2049.915324971316,Q4 (High)
13141,2011-03-31,61,2,524.57,2,4,4,244,At Risk (High Value),Cluster 0,1857.6455352939608,Q4 (High)
14401,2011-03-31,61,2,552.12,2,4,4,244,At Risk (High Value),Cluster 0,3268.9001644842942,Q4 (High)
15527,2011-03-31,61,2,580.3,2,4,4,244,At Risk (High Value),Cluster 0,2035.697588202324,Q4 (High)
17920,2011-03-31,61,3,822.91,2,5,4,254,At Risk (High Value),Cluster 0,3077.838140257707,Q4 (High)
16326,2011-03-31,59,2,425.18,2,4,3,243,At Risk (High Value),Cluster 1,2637.4236103163244,Q4 (High)
14040,2011-03-31,59,3,914.05,2,5,4,254,At Risk (High Value),Cluster 0,3042.7775228174187,Q4 (High)
18245,2011-03-31,58,2,804.91,2,4,4,244,At Risk (High Value),Cluster 0,1965.4237450231485,Q4 (High)
13324,2011-03-31,58,2,1110.6,2,4,5,245,At Risk (High Value),Cluster 0,5096.032860310748,Q4 (High)
16705,2011-03-31,57,3,3620.83,2,5,5,255,At Risk (High Value),Cluster 0,10197.61545355856,Q4 (High)
13629,2011-03-31,56,2,1425.0,2,4,5,245,At Risk (High Value),Cluster 0,6066.414261059311,Q4 (High)
16210,2011-03-31,55,5,8866.94,2,5,5,255,At Risk (High Value),Cluster 2,14165.940546105814,Q4 (High)
13137,2011-03-31,54,1,206.63,2,2,2,222,Lost,Cluster 1,3291.7527102364747,Q4 (High)
16938,2011-03-31,54,1,267.6,2,2,2,222,Lost,Cluster 1,2360.6266582824474,Q4 (High)
14842,2011-03-31,54,1,310.0,2,2,2,222,Lost,Cluster 1,2416.8179566881336,Q4 (High)
15808,2011-03-31,52,4,3651.27,2,5,5,255,At Risk (High Value),Cluster 0,2096.5140178164293,Q4 (High)
16686,2011-03-31,51,2,687.91,2,4,4,244,At Risk (High Value),Cluster 0,2315.764930896313,Q4 (High)
16255,2011-03-31,51,3,893.21,2,5,4,254,At Risk (High Value),Cluster 0,2012.654100783712,Q4 (High)
14415,2011-03-31,50,3,1581.56,2,5,5,255,At Risk (High Value),Cluster 0,4172.492981459976,Q4 (High)
13590,2011-03-31,49,1,309.06,2,2,2,222,Lost,Cluster 1,1823.8488101207852,Q4 (High)
16143,2011-03-31,49,3,1212.85,2,5,5,255,At Risk (High Value),Cluster 0,1834.129677631336,Q4 (High)
15114,2011-03-31,47,1,259.05,2,2,2,222,Lost,Cluster 1,2606.5337447071865,Q4 (High)
17924,2011-03-31,47,2,502.2,2,4,3,243,At Risk (High Value),Cluster 0,2223.6870423111486,Q4 (High)
16928,2011-03-31,47,3,330.0,2,4,3,243,At Risk (High Value),Cluster 0,2346.064268415358,Q4 (High)
17809,2011-03-31,47,4,1861.7,2,5,5,255,At Risk (High Value),Cluster 0,4284.6681472013925,Q4 (High)
17850,2011-04-30,148,34,5391.21,1,5,5,155,At Risk (High Value),Cluster 2,2667.600054127935,Q4 (High)
14866,2011-04-30,142,1,103.68,1,1,1,111,Lost,Cluster 1,10940.915571866166,Q4 (High)
16717,2011-04-30,142,1,307.25,1,2,2,122,Lost,Cluster 1,2905.847896850874,Q4 (High)
13448,2011-04-30,140,3,829.54,1,4,4,144,At Risk (High Value),Cluster 0,2509.2120778318704,Q4 (High)
14907,2011-04-30,136,3,960.69,1,4,4,144,At Risk (High Value),Cluster 0,2429.1195789380554,Q4 (High)
13756,2011-04-30,134,3,1004.4,1,5,4,154,At Risk (High Value),Cluster 0,3836.6285417276417,Q4 (High)
14221,2011-04-30,115,1,312.95,1,2,2,122,Lost,Cluster 1,2803.7716060206026,Q4 (High)
18097,2011-04-30,115,2,657.18,1,4,4,144,At Risk (High Value),Cluster 0,2174.1769888303743,Q4 (High)
14739,2011-04-30,114,2,943.44,1,4,4,144,At Risk (High Value),Cluster 0,2675.1917377219847,Q4 (High)
13680,2011-04-30,113,2,2391.59,1,4,5,145,At Risk (High Value),Cluster 0,2482.160554617943,Q4 (High)
16549,2011-04-30,110,1,119.49,1,1,1,111,Lost,Cluster 1,3491.3387765855887,Q4 (High)
17739,2011-04-30,109,2,682.59,1,4,4,144,At Risk (High Value),Cluster 0,2158.5924895103944,Q4 (High)
14175,2011-04-30,105,1,322.58,1,2,2,122,Lost,Cluster 1,2497.0299589952774,Q4 (High)
13527,2011-04-30,102,1,110.45,1,1,1,111,Lost,Cluster 1,2082.5705509365444,Q4 (High)
14135,2011-04-30,102,7,1811.91,1,5,5,155,At Risk (High Value),Cluster 0,3477.1923855541886,Q4 (High)
14307,2011-04-30,100,2,1270.56,1,4,5,145,At Risk (High Value),Cluster 0,1891.7270198579831,Q4 (High)
14299,2011-04-30,94,4,1565.94,2,5,5,255,At Risk (High Value),Cluster 0,2980.4140753727434,Q4 (High)
17213,2011-04-30,92,3,936.95,2,4,4,244,At Risk (High Value),Cluster 0,2134.3966407586167,Q4 (High)
15365,2011-04-30,91,1,208.61,2,2,2,222,Lost,Cluster 1,2049.915324971316,Q4 (High)
14401,2011-04-30,91,2,552.12,2,4,3,243,At Risk (High Value),Cluster 0,3268.9001644842942,Q4 (High)
15527,2011-04-30,91,2,580.3,2,4,4,244,At Risk (High Value),Cluster 0,2035.697588202324,Q4 (High)
16326,2011-04-30,89,2,425.18,2,4,3,243,At Risk (High Value),Cluster 1,2637.4236103163244,Q4 (High)
18245,2011-04-30,88,2,804.91,2,4,4,244,At Risk (High Value),Cluster 0,1965.4237450231485,Q4 (High)
16210,2011-04-30,85,5,8866.94,2,5,5,255,At Risk (High Value),Cluster 0,14165.940546105814,Q4 (High)
16938,2011-04-30,84,1,267.6,2,2,2,222,Lost,Cluster 1,2360.6266582824474,Q4 (High)
14842,2011-04-30,84,1,310.0,2,2,2,222,Lost,Cluster 1,2416.8179566881336,Q4 (High)
15808,2011-04-30,82,4,3651.27,2,5,5,255,At Risk (High Value),Cluster 0,2096.5140178164293,Q4 (High)
16143,2011-04-30,79,3,1212.85,2,5,5,255,At Risk (High Value),Cluster 0,1834.129677631336,Q4 (High)
15796,2011-04-30,78,1,343.92,2,2,3,223,Lost,Cluster 1,2455.416970796446,Q4 (High)
17924,2011-04-30,77,2,502.2,2,4,3,243,At Risk (High Value),Cluster 0,2223.6870423111486,Q4 (High)
17659,2011-04-30,74,3,474.95,2,4,3,243,At Risk (High Value),Cluster 0,2387.988415618861,Q4 (High)
17612,2011-04-30,73,1,305.46,2,2,2,222,Lost,Cluster 1,1912.7064999698596,Q4 (High)
15370,2011-04-30,73,2,754.22,2,4,4,244,At Risk (High Value),Cluster 0,2126.6289955432476,Q4 (High)
13941,2011-04-30,73,2,2118.96,2,4,5,245,At Risk (High Value),Cluster 0,3166.447505653627,Q4 (High)
17422,2011-04-30,72,1,321.25,2,2,2,222,Lost,Cluster 1,1845.954696561321,Q4 (High)
14944,2011-04-30,72,2,754.29,2,4,4,244,At Risk (High Value),Cluster 0,4893.8121628687695,Q4 (High)
14639,2011-04-30,67,2,1235.13,2,4,5,245,At Risk (High Value),Cluster 0,1973.5628445487107,Q4 (High)
18055,2011-04-30,67,5,2394.03,2,5,5,255,At Risk (High Value),Cluster 0,5026.647903654261,Q4 (High)
15722,2011-04-30,66,1,324.05,2,2,3,223,Lost,Cluster 1,2007.2916041198057,Q4 (High)
16912,2011-04-30,66,3,737.84,2,4,4,244,At Risk (High Value),Cluster 0,2135.7416391902507,Q4 (High)
17706,2011-04-30,65,4,888.85,2,5,4,254,At Risk (High Value),Cluster 0,7859.7390043839005,Q4 (High)
13851,2011-04-30,64,1,246.32,2,2,2,222,Lost,Cluster 1,2375.4517819635194,Q4 (High)
18065,2011-04-30,64,3,750.05,2,4,4,244,At Risk (High Value),Cluster 0,1839.7176047728892,Q4 (High)
16841,2011-04-30,63,1,317.38,2,2,2,222,Lost,Cluster 1,1798.7946067057444,Q4 (High)
15845,2011-04-30,63,2,1232.58,2,4,5,245,At Risk (High Value),Cluster 0,3066.285224125248,Q4 (High)
12839,2011-04-30,63,3,1089.01,2,5,5,255,At Risk (High Value),Cluster 0,4254.284000701022,Q4 (High)
15544,2011-04-30,63,3,1199.12,2,5,5,255,At Risk (High Value),Cluster 0,2682.2631592782313,Q4 (High)
15093,2011-04-30,63,3,2603.21,2,5,5,255,At Risk (High Value),Cluster 0,3178.2434569823554,Q4 (High)
14952,2011-04-30,61,3,2183.83,2,5,5,255,At Risk (High Value),Cluster 0,5827.820609360714,Q4 (High)
15708,2011-04-30,61,4,1513.36,2,5,5,255,At Risk (High Value),Cluster 0,2466.162965142657,Q4 (High)
14732,2011-04-30,59,2,673.98,2,4,4,244,At Risk (High Value),Cluster 0,2339.4874365896226,Q4 (High)
15750,2011-04-30,59,3,610.92,2,4,4,244,At Risk (High Value),Cluster 0,1903.7902640775264,Q4 (High)
12747,2011-04-30,59,4,1320.09,2,5,5,255,At Risk (High Value),Cluster 0,3200.8803485708895,Q4 (High)
12913,2011-04-30,58,3,866.39,2,4,4,244,At Risk (High Value),Cluster 0,1811.132508936293,Q4 (High)
12980,2011-04-30,58,5,3673.74,2,5,5,255,At Risk (High Value),Cluster 0,5143.554794402619,Q4 (High)
14388,2011-04-30,57,2,714.25,2,4,4,244,At Risk (High Value),Cluster 0,2455.2360679694366,Q4 (High)
13784,2011-04-30,57,4,426.39,2,5,3,253,At Risk (High Value),Cluster 0,2292.2987698351226,Q4 (High)
14702,2011-04-30,57,6,1185.7,2,5,5,255,At Risk (High Value),Cluster 0,2594.999117724135,Q4 (High)
17850,2011-05-31,179,34,5391.21,1,5,5,155,At Risk (High Value),Cluster 2,2667.600054127935,Q4 (High)
17396,2011-05-31,178,1,397.5,1,2,3,123,Lost,Cluster 1,5108.826696407729,Q4 (High)
14866,2011-05-31,173,1,103.68,1,1,1,111,Lost,Cluster 1,10940.915571866166,Q4 (High)
16717,2011-05-31,173,1,307.25,1,2,2,122,Lost,Cluster 1,2905.847896850874,Q4 (High)
14907,2011-05-31,167,3,960.69,1,4,4,144,At Risk (High Value),Cluster 0,2429.1195789380554,Q4 (High)
13680,2011-05-31,144,2,2391.59,1,4,5,145,At Risk (High Value),Cluster 0,2482.160554617943,Q4 (High)
16549,2011-05-31,141,1,119.49,1,1,1,111,Lost,Cluster 1,3491.3387765855887,Q4 (High)
14175,2011-05-31,136,1,322.58,1,2,2,122,Lost,Cluster 1,2497.0299589952774,Q4 (High)
14299,2011-05-31,125,4,1565.94,1,5,5,155,At Risk (High Value),Cluster 0,2980.4140753727434,Q4 (High)
17213,2011-05-31,123,3,936.95,1,4,4,144,At Risk (High Value),Cluster 0,2134.3966407586167,Q4 (High)
15365,2011-05-31,122,1,208.61,1,2,2,122,Lost,Cluster 1,2049.915324971316,Q4 (High)
16938,2011-05-31,115,1,267.6,1,2,2,122,Lost,Cluster 1,2360.6266582824474,Q4 (High)
14842,2011-05-31,115,1,310.0,1,2,2,122,Lost,Cluster 1,2416.8179566881336,Q4 (High)
15808,2011-05-31,113,4,3651.27,1,5,5,155,At Risk (High Value),Cluster 0,2096.5140178164293,Q4 (High)
13941,2011-05-31,104,2,2118.96,2,4,5,245,At Risk (High Value),Cluster 0,3166.447505653627,Q4 (High)
14639,2011-05-31,98,2,1235.13,2,4,5,245,At Risk (High Value),Cluster 0,1973.5628445487107,Q4 (High)
15722,2011-05-31,97,1,324.05,2,2,2,222,Lost,Cluster 1,2007.2916041198057,Q4 (High)
17706,2011-05-31,96,4,888.85,2,5,4,254,At Risk (High Value),Cluster 0,7859.7390043839005,Q4 (High)
13851,2011-05-31,95,1,246.32,2,2,2,222,Lost,Cluster 1,2375.4517819635194,Q4 (High)
15750,2011-05-31,90,3,610.92,2,4,4,244,At Risk (High Value),Cluster 0,1903.7902640775264,Q4 (High)
12913,2011-05-31,89,3,866.39,2,4,4,244,At Risk (High Value),Cluster 0,1811.132508936293,Q4 (High)
14702,2011-05-31,88,6,1185.7,2,5,4,254,At Risk (High Value),Cluster 0,2594.999117724135,Q4 (High)
17769,2011-05-31,85,2,876.76,2,4,4,244,At Risk (High Value),Cluster 0,3381.281809484287,Q4 (High)
17092,2011-05-31,84,1,134.9,2,1,1,211,Lost,Cluster 1,1864.606178030882,Q4 (High)
17696,2011-05-31,84,3,493.84,2,4,3,243,At Risk (High Value),Cluster 0,1902.77894513578,Q4 (High)
16426,2011-05-31,83,1,328.37,2,2,2,222,Lost,Cluster 1,1859.20718356188,Q4 (High)
14426,2011-05-31,83,3,1495.58,2,4,5,245,At Risk (High Value),Cluster 0,3552.6193312898813,Q4 (High)
16771,2011-05-31,82,3,1639.75,2,4,5,245,At Risk (High Value),Cluster 0,1843.3109810371616,Q4 (High)
15502,2011-05-31,82,4,2640.46,2,5,5,255,At Risk (High Value),Cluster 0,4835.351410558498,Q4 (High)
13093,2011-05-31,82,8,7832.47,2,5,5,255,At Risk (High Value),Cluster 2,4078.758010080379,Q4 (High)
14841,2011-05-31,81,3,1781.85,2,4,5,245,At Risk (High Value),Cluster 0,2491.8347973648147,Q4 (High)
14329,2011-05-31,80,2,2125.6,2,4,5,245,At Risk (High Value),Cluster 0,3090.039392040948,Q4 (High)
12939,2011-05-31,80,3,7228.32,2,5,5,255,At Risk (High Value),Cluster 0,7896.107380983205,Q4 (High)
15687,2011-05-31,75,4,1402.45,2,5,5,255,At Risk (High Value),Cluster 0,2504.4195970278543,Q4 (High)
18210,2011-05-31,74,1,142.4,2,1,1,211,Lost,Cluster 1,2772.2882844019687,Q4 (High)
14422,2011-05-31,74,1,401.31,2,2,3,223,Lost,Cluster 1,4065.282102701363,Q4 (High)
15861,2011-05-31,74,2,716.24,2,4,4,244,At Risk (High Value),Cluster 0,2726.8692671259264,Q4 (High)
17043,2011-05-31,73,1,174.6,2,1,1,211,Lost,Cluster 1,1854.8769088900403,Q4 (High)
17685,2011-05-31,73,5,1512.72,2,5,5,255,At Risk (High Value),Cluster 0,2295.640206683189,Q4 (High)
14530,2011-05-31,69,2,1083.11,2,4,4,244,At Risk (High Value),Cluster 0,2311.3643315770264,Q4 (High)
15998,2011-05-31,69,2,1775.42,2,4,5,245,At Risk (High Value),Cluster 0,1944.293696861148,Q4 (High)
13869,2011-05-31,69,3,1573.16,2,4,5,245,At Risk (High Value),Cluster 0,2311.635313881781,Q4 (High)
15298,2011-05-31,69,4,1238.44,2,5,5,255,At Risk (High Value),Cluster 0,3643.855951495907,Q4 (High)
16191,2011-05-31,69,8,2615.68,2,5,5,255,At Risk (High Value),Cluster 2,3794.297390159486,Q4 (High)
17858,2011-05-31,68,6,2604.8,2,5,5,255,At Risk (High Value),Cluster 0,4002.946497521368,Q4 (High)
17491,2011-05-31,67,3,1189.86,2,4,4,244,At Risk (High Value),Cluster 0,2754.6576034378245,Q4 (High)
16265,2011-05-31,67,5,2875.14,2,5,5,255,At Risk (High Value),Cluster 0,3760.0392260833737,Q4 (High)
13327,2011-05-31,66,4,1421.95,2,5,5,255,At Risk (High Value),Cluster 0,2463.1731309140364,Q4 (High)
17937,2011-05-31,64,4,3327.48,2,5,5,255,At Risk (High Value),Cluster 0,2499.3763891151784,Q4 (High)
17850,2011-06-30,209,34,5391.21,1,5,5,155,At Risk (High Value),Cluster 2,2667.600054127935,Q4 (High)
17396,2011-06-30,208,1,397.5,1,2,3,123,Lost,Cluster 1,5108.826696407729,Q4 (High)
14866,2011-06-30,203,1,103.68,1,1,1,111,Lost,Cluster 1,10940.915571866166,Q4 (High)
14907,2011-06-30,197,3,960.69,1,4,4,144,At Risk (High Value),Cluster 0,2429.1195789380554,Q4 (High)
13680,2011-06-30,174,2,2391.59,1,4,5,145,At Risk (High Value),Cluster 0,2482.160554617943,Q4 (High)
16549,2011-06-30,171,1,119.49,1,1,1,111,Lost,Cluster 1,3491.3387765855887,Q4 (High)
15443,2011-06-30,157,1,437.71,1,2,3,123,Lost,Cluster 1,2661.1790120293585,Q4 (High)
14299,2011-06-30,155,4,1565.94,1,5,5,155,At Risk (High Value),Cluster 0,2980.4140753727434,Q4 (High)
17213,2011-06-30,153,3,936.95,1,4,4,144,At Risk (High Value),Cluster 0,2134.3966407586167,Q4 (High)
15365,2011-06-30,152,1,208.61,1,1,2,112,Lost,Cluster 1,2049.915324971316,Q4 (High)
15808,2011-06-30,143,4,3651.27,1,5,5,155,At Risk (High Value),Cluster 0,2096.5140178164293,Q4 (High)
14639,2011-06-30,128,2,1235.13,1,4,4,144,At Risk (High Value),Cluster 0,1973.5628445487107,Q4 (High)
13851,2011-06-30,125,1,246.32,1,2,2,122,Lost,Cluster 1,2375.4517819635194,Q4 (High)
12913,2011-06-30,119,3,866.39,2,4,4,244,At Risk (High Value),Cluster 0,1811.132508936293,Q4 (High)
17092,2011-06-30,114,1,134.9,2,1,1,211,Lost,Cluster 1,1864.606178030882,Q4 (High)
16426,2011-06-30,113,1,328.37,2,2,2,222,Lost,Cluster 1,1859.20718356188,Q4 (High)
16771,2011-06-30,112,3,1639.75,2,4,5,245,At Risk (High Value),Cluster 0,1843.3109810371616,Q4 (High)
15502,2011-06-30,112,4,2640.46,2,5,5,255,At Risk (High Value),Cluster 0,4835.351410558498,Q4 (High)
13093,2011-06-30,112,8,7832.47,2,5,5,255,At Risk (High Value),Cluster 2,4078.758010080379,Q4 (High)
12939,2011-06-30,110,3,7228.32,2,4,5,245,At Risk (High Value),Cluster 0,7896.107380983205,Q4 (High)
18210,2011-06-30,104,1,142.4,2,1,1,211,Lost,Cluster 1,2772.2882844019687,Q4 (High)
17685,2011-06-30,103,5,1512.72,2,5,5,255,At Risk (High Value),Cluster 0,2295.640206683189,Q4 (High)
13869,2011-06-30,99,3,1573.16,2,4,5,245,At Risk (High Value),Cluster 0,2311.635313881781,Q4 (High)
16191,2011-06-30,99,8,2615.68,2,5,5,255,At Risk (High Value),Cluster 0,3794.297390159486,Q4 (High)
14607,2011-06-30,98,1,495.0,2,2,3,223,Lost,Cluster 1,14285.046927917172,Q4 (High)
16265,2011-06-30,97,5,2875.14,2,5,5,255,At Risk (High Value),Cluster 0,3760.0392260833737,Q4 (High)
17937,2011-06-30,94,4,3327.48,2,5,5,255,At Risk (High Value),Cluster 0,2499.3763891151784,Q4 (High)
13588,2011-06-30,92,1,113.3,2,1,1,211,Lost,Cluster 1,2827.9414569660617,Q4 (High)
14146,2011-06-30,91,2,1903.73,2,4,5,245,At Risk (High Value),Cluster 0,2450.0993068841517,Q4 (High)
13802,2011-06-30,91,2,3131.06,2,4,5,245,At Risk (High Value),Cluster 0,3174.7228336230787,Q4 (High)
14572,2011-06-30,91,3,1073.33,2,4,4,244,At Risk (High Value),Cluster 0,2390.0290904448607,Q4 (High)
17863,2011-06-30,91,3,1371.9,2,4,5,245,At Risk (High Value),Cluster 0,2339.359226997535,Q4 (High)
13137,2011-06-30,89,2,847.44,2,4,4,244,At Risk (High Value),Cluster 0,3291.7527102364747,Q4 (High)
13124,2011-06-30,89,2,2516.47,2,4,5,245,At Risk (High Value),Cluster 0,2047.8459246591824,Q4 (High)
15752,2011-06-30,86,3,1042.68,2,4,4,244,At Risk (High Value),Cluster 0,2053.095363483037,Q4 (High)
13198,2011-06-30,86,3,2087.75,2,4,5,245,At Risk (High Value),Cluster 0,2560.4886603099626,Q4 (High)
17419,2011-06-30,86,7,2045.8,2,5,5,255,At Risk (High Value),Cluster 0,3226.286012538644,Q4 (High)
15572,2011-06-30,85,3,873.54,2,4,4,244,At Risk (High Value),Cluster 0,2298.726038175047,Q4 (High)
16255,2011-06-30,83,4,1061.67,2,5,4,254,At Risk (High Value),Cluster 0,2012.654100783712,Q4 (High)
13362,2011-06-30,82,2,1581.53,2,4,5,245,At Risk (High Value),Cluster 0,2357.8951077597176,Q4 (High)
15671,2011-06-30,79,3,1033.13,2,4,4,244,At Risk (High Value),Cluster 0,2607.7158290917155,Q4 (High)
15971,2011-06-30,79,4,1081.2,2,5,4,254,At Risk (High Value),Cluster 0,3342.3862148183493,Q4 (High)
14262,2011-06-30,77,1,240.0,2,2,2,222,Lost,Cluster 1,2961.2320905684455,Q4 (High)
14834,2011-06-30,77,1,243.69,2,2,2,222,Lost,Cluster 1,1994.931632873,Q4 (High)
14482,2011-06-30,76,1,238.1,2,2,2,222,Lost,Cluster 1,2315.3653152768643,Q4 (High)
15416,2011-06-30,76,2,2274.43,2,4,5,245,At Risk (High Value),Cluster 0,2676.120304823317,Q4 (High)
17850,2011-07-31,240,34,5391.21,1,5,5,155,At Risk (High Value),Cluster 2,2667.600054127935,Q4 (High)
13680,2011-07-31,205,2,2391.59,1,4,5,145,At Risk (High Value),Cluster 0,2482.160554617943,Q4 (High)
16549,2011-07-31,202,1,119.49,1,1,1,111,Lost,Cluster 1,3491.3387765855887,Q4 (High)
15443,2011-07-31,188,1,437.71,1,2,3,123,Lost,Cluster 1,2661.1790120293585,Q4 (High)
14299,2011-07-31,186,4,1565.94,1,5,5,155,At Risk (High Value),Cluster 0,2980.4140753727434,Q4 (High)
15365,2011-07-31,183,1,208.61,1,1,2,112,Lost,Cluster 1,2049.915324971316,Q4 (High)
15808,2011-07-31,174,4,3651.27,1,5,5,155,At Risk (High Value),Cluster 0,2096.5140178164293,Q4 (High)
14639,2011-07-31,159,2,1235.13,1,4,4,144,At Risk (High Value),Cluster 0,1973.5628445487107,Q4 (High)
13851,2011-07-31,156,1,246.32,1,2,2,122,Lost,Cluster 1,2375.4517819635194,Q4 (High)
12913,2011-07-31,150,3,866.39,1,4,4,144,At Risk (High Value),Cluster 0,1811.132508936293,Q4 (High)
17092,2011-07-31,145,1,134.9,1,1,1,111,Lost,Cluster 1,1864.606178030882,Q4 (High)
16426,2011-07-31,144,1,328.37,1,2,2,122,Lost,Cluster 1,1859.20718356188,Q4 (High)
16771,2011-07-31,143,3,1639.75,1,4,5,145,At Risk (High Value),Cluster 0,1843.3109810371616,Q4 (High)
15502,2011-07-31,143,4,2640.46,1,5,5,155,At Risk (High Value),Cluster 0,4835.351410558498,Q4 (High)
13093,2011-07-31,143,8,7832.47,1,5,5,155,At Risk (High Value),Cluster 2,4078.758010080379,Q4 (High)
18210,2011-07-31,135,1,142.4,2,1,1,211,Lost,Cluster 1,2772.2882844019687,Q4 (High)
17685,2011-07-31,134,5,1512.72,2,5,5,255,At Risk (High Value),Cluster 0,2295.640206683189,Q4 (High)
13869,2011-07-31,130,3,1573.16,2,4,5,245,At Risk (High Value),Cluster 0,2311.635313881781,Q4 (High)
16191,2011-07-31,130,8,2615.68,2,5,5,255,At Risk (High Value),Cluster 0,3794.297390159486,Q4 (High)
14607,2011-07-31,129,1,495.0,2,2,3,223,Lost,Cluster 1,14285.046927917172,Q4 (High)
17937,2011-07-31,125,4,3327.48,2,5,5,255,At Risk (High Value),Cluster 0,2499.3763891151784,Q4 (High)
14146,2011-07-31,122,2,1903.73,2,4,5,245,At Risk (High Value),Cluster 0,2450.0993068841517,Q4 (High)
13124,2011-07-31,120,2,2516.47,2,4,5,245,At Risk (High Value),Cluster 0,2047.8459246591824,Q4 (High)
15572,2011-07-31,116,3,873.54,2,4,4,244,At Risk (High Value),Cluster 0,2298.726038175047,Q4 (High)
13362,2011-07-31,113,2,1581.53,2,4,5,245,At Risk (High Value),Cluster 0,2357.8951077597176,Q4 (High)
15671,2011-07-31,110,3,1033.13,2,4,4,244,At Risk (High Value),Cluster 0,2607.7158290917155,Q4 (High)
14834,2011-07-31,108,1,243.69,2,2,2,222,Lost,Cluster 1,1994.931632873,Q4 (High)
14482,2011-07-31,107,1,238.1,2,2,2,222,Lost,Cluster 1,2315.3653152768643,Q4 (High)
16905,2011-07-31,104,3,822.18,2,4,4,244,At Risk (High Value),Cluster 0,2335.7554863597725,Q4 (High)
15749,2011-07-31,103,3,44534.3,2,4,5,245,At Risk (High Value),Cluster 2,15027.532060643054,Q4 (High)
15594,2011-07-31,102,1,267.91,2,2,2,222,Lost,Cluster 1,2034.714895547347,Q4 (High)
14626,2011-07-31,101,1,586.9,2,2,3,223,Lost,Cluster 1,2703.794522817322,Q4 (High)
15984,2011-07-31,101,5,775.33,2,5,4,254,At Risk (High Value),Cluster 0,2324.4531703785988,Q4 (High)
15034,2011-07-31,100,5,2640.38,2,5,5,255,At Risk (High Value),Cluster 0,2962.9831952915974,Q4 (High)
17090,2011-07-31,95,3,649.05,2,4,3,243,At Risk (High Value),Cluster 0,1800.7942044710007,Q4 (High)
15514,2011-07-31,93,6,2501.94,2,5,5,255,At Risk (High Value),Cluster 0,2209.206506718402,Q4 (High)
15696,2011-07-31,88,6,1629.95,2,5,5,255,At Risk (High Value),Cluster 0,2187.6377502947894,Q4 (High)
14739,2011-07-31,87,3,1307.62,2,4,4,244,At Risk (High Value),Cluster 0,2675.1917377219847,Q4 (High)
13448,2011-07-31,86,4,1423.26,2,4,4,244,At Risk (High Value),Cluster 0,2509.2120778318704,Q4 (High)
13883,2011-07-31,86,4,1742.78,2,5,5,255,At Risk (High Value),Cluster 0,1987.2016512296077,Q4 (High)
18235,2011-07-31,85,1,430.46,2,2,3,223,Lost,Cluster 1,1898.8330878910756,Q4 (High)
13365,2011-07-31,85,1,700.6,2,2,4,224,Lost,Cluster 1,1928.1531004480337,Q4 (High)
16308,2011-07-31,85,2,960.0,2,4,4,244,At Risk (High Value),Cluster 0,2507.4926224073847,Q4 (High)
15117,2011-07-31,83,1,312.4,2,2,2,222,Lost,Cluster 1,1882.0592901815985,Q4 (High)
13139,2011-07-31,83,2,1170.02,2,4,4,244,At Risk (High Value),Cluster 0,4922.6851868592485,Q4 (High)
15674,2011-07-31,83,3,1044.95,2,4,4,244,At Risk (High Value),Cluster 0,2106.4924976698144,Q4 (High)
16440,2011-07-31,82,1,272.46,2,2,2,222,Lost,Cluster 1,4217.819540493843,Q4 (High)
12948,2011-07-31,82,3,886.26,2,4,4,244,At Risk (High Value),Cluster 0,2075.9162174932753,Q4 (High)
13141,2011-07-31,82,4,1401.03,2,4,4,244,At Risk (High Value),Cluster 0,1857.6455352939608,Q4 (High)
17700,2011-07-31,81,2,1125.57,2,4,4,244,At Risk (High Value),Cluster 0,2098.0053512159584,Q4 (High)
17850,2011-08-31,271,34,5391.21,1,5,5,155,At Risk (High Value),Cluster 2,2667.600054127935,Q4 (High)
13680,2011-08-31,236,2,2391.59,1,4,5,145,At Risk (High Value),Cluster 0,2482.160554617943,Q4 (High)
15365,2011-08-31,214,1,208.61,1,1,2,112,Lost,Cluster 1,2049.915324971316,Q4 (High)
15808,2011-08-31,205,4,3651.27,1,5,5,155,At Risk (High Value),Cluster 0,2096.5140178164293,Q4 (High)
15676,2011-08-31,182,1,897.8,1,2,4,124,Lost,Cluster 1,2521.655898219527,Q4 (High)
12913,2011-08-31,181,3,866.39,1,4,4,144,At Risk (High Value),Cluster 0,1811.132508936293,Q4 (High)
16426,2011-08-31,175,1,328.37,1,2,2,122,Lost,Cluster 1,1859.20718356188,Q4 (High)
16771,2011-08-31,174,3,1639.75,1,4,5,145,At Risk (High Value),Cluster 0,1843.3109810371616,Q4 (High)
13093,2011-08-31,174,8,7832.47,1,5,5,155,At Risk (High Value),Cluster 2,4078.758010080379,Q4 (High)
18210,2011-08-31,166,1,142.4,1,1,1,111,Lost,Cluster 1,2772.2882844019687,Q4 (High)
17685,2011-08-31,165,5,1512.72,1,5,4,154,At Risk (High Value),Cluster 0,2295.640206683189,Q4 (High)
16191,2011-08-31,161,8,2615.68,2,5,5,255,At Risk (High Value),Cluster 0,3794.297390159486,Q4 (High)
14607,2011-08-31,160,1,495.0,2,2,3,223,Lost,Cluster 1,14285.046927917172,Q4 (High)
15980,2011-08-31,153,1,760.18,2,2,4,224,Lost,Cluster 1,1803.89816921994,Q4 (High)
14146,2011-08-31,153,2,1903.73,2,4,5,245,At Risk (High Value),Cluster 0,2450.0993068841517,Q4 (High)
13124,2011-08-31,151,2,2516.47,2,4,5,245,At Risk (High Value),Cluster 0,2047.8459246591824,Q4 (High)
13362,2011-08-31,144,2,1581.53,2,4,5,245,At Risk (High Value),Cluster 0,2357.8951077597176,Q4 (High)
14482,2011-08-31,138,1,238.1,2,2,2,222,Lost,Cluster 1,2315.3653152768643,Q4 (High)
16905,2011-08-31,135,3,822.18,2,4,4,244,At Risk (High Value),Cluster 0,2335.7554863597725,Q4 (High)
15749,2011-08-31,134,3,44534.3,2,4,5,245,At Risk (High Value),Cluster 0,15027.532060643054,Q4 (High)
15594,2011-08-31,133,1,267.91,2,2,2,222,Lost,Cluster 1,2034.714895547347,Q4 (High)
15034,2011-08-31,131,5,2640.38,2,5,5,255,At Risk (High Value),Cluster 0,2962.9831952915974,Q4 (High)
17090,2011-08-31,126,3,649.05,2,4,3,243,At Risk (High Value),Cluster 0,1800.7942044710007,Q4 (High)
15514,2011-08-31,124,6,2501.94,2,5,5,255,At Risk (High Value),Cluster 0,2209.206506718402,Q4 (High)
15696,2011-08-31,119,6,1629.95,2,5,5,255,At Risk (High Value),Cluster 0,2187.6377502947894,Q4 (High)
14739,2011-08-31,118,3,1307.62,2,4,4,244,At Risk (High Value),Cluster 0,2675.1917377219847,Q4 (High)
13448,2011-08-31,117,4,1423.26,2,4,4,244,At Risk (High Value),Cluster 0,2509.2120778318704,Q4 (High)
13883,2011-08-31,117,4,1742.78,2,4,5,245,At Risk (High Value),Cluster 0,1987.2016512296077,Q4 (High)
13365,2011-08-31,116,1,700.6,2,2,3,223,Lost,Cluster 1,1928.1531004480337,Q4 (High)
15674,2011-08-31,114,3,1044.95,2,4,4,244,At Risk (High Value),Cluster 0,2106.4924976698144,Q4 (High)
16440,2011-08-31,113,1,272.46,2,2,2,222,Lost,Cluster 1,4217.819540493843,Q4 (High)
13141,2011-08-31,113,4,1401.03,2,4,4,244,At Risk (High Value),Cluster 0,1857.6455352939608,Q4 (High)
14691,2011-08-31,111,1,439.6,2,2,3,223,Lost,Cluster 1,2333.2522306644246,Q4 (High)
16618,2011-08-31,109,4,1441.29,2,4,4,244,At Risk (High Value),Cluster 0,1868.580523576943,Q4 (High)
16871,2011-08-31,109,4,2037.82,2,4,5,245,At Risk (High Value),Cluster 0,2525.861699538349,Q4 (High)
14211,2011-08-31,106,5,909.89,2,5,4,254,At Risk (High Value),Cluster 0,2277.876057164594,Q4 (High)
17530,2011-08-31,105,6,1360.67,2,5,4,254,At Risk (High Value),Cluster 0,1888.292088908426,Q4 (High)
14952,2011-08-31,105,7,3534.61,2,5,5,255,At Risk (High Value),Cluster 0,5827.820609360714,Q4 (High)
17504,2011-08-31,105,9,2997.03,2,5,5,255,At Risk (High Value),Cluster 2,2361.38842137808,Q4 (High)
16446,2011-08-31,104,1,2.9,2,1,1,211,Lost,Cluster 1,169023.70787304704,Q4 (High)
16497,2011-08-31,102,5,1550.7,2,5,4,254,At Risk (High Value),Cluster 0,2445.7158978091907,Q4 (High)
18008,2011-08-31,102,7,2065.41,2,5,5,255,At Risk (High Value),Cluster 0,2038.750303023368,Q4 (High)
13324,2011-08-31,102,7,3798.99,2,5,5,255,At Risk (High Value),Cluster 0,5096.032860310748,Q4 (High)
16341,2011-08-31,100,1,797.65,2,2,4,224,Lost,Cluster 1,1803.8845989975025,Q4 (High)
13555,2011-08-31,100,2,1590.05,2,4,5,245,At Risk (High Value),Cluster 0,3039.75799466404,Q4 (High)
13758,2011-08-31,100,5,2351.52,2,5,5,255,At Risk (High Value),Cluster 0,2380.1481668516208,Q4 (High)
13523,2011-08-31,98,3,2369.24,2,4,5,245,At Risk (High Value),Cluster 0,2712.1521439431317,Q4 (High)
16709,2011-08-31,98,4,1984.59,2,4,5,245,At Risk (High Value),Cluster 0,2076.418605489492,Q4 (High)
16327,2011-08-31,98,4,2439.04,2,4,5,245,At Risk (High Value),Cluster 0,2706.018166087008,Q4 (High)
17850,2011-09-30,301,34,5391.21,1,5,5,155,At Risk (High Value),Cluster 2,2667.600054127935,Q4 (High)
17672,2011-09-30,238,1,1177.84,1,2,4,124,Lost,Cluster 1,1804.9807188565164,Q4 (High)
15808,2011-09-30,235,4,3651.27,1,4,5,145,At Risk (High Value),Cluster 0,2096.5140178164293,Q4 (High)
15676,2011-09-30,212,1,897.8,1,2,4,124,Lost,Cluster 1,2521.655898219527,Q4 (High)
12913,2011-09-30,211,3,866.39,1,4,4,144,At Risk (High Value),Cluster 0,1811.132508936293,Q4 (High)
13093,2011-09-30,204,8,7832.47,1,5,5,155,At Risk (High Value),Cluster 0,4078.758010080379,Q4 (High)
18210,2011-09-30,196,1,142.4,1,1,1,111,Lost,Cluster 1,2772.2882844019687,Q4 (High)
16191,2011-09-30,191,8,2615.68,1,5,5,155,At Risk (High Value),Cluster 0,3794.297390159486,Q4 (High)
14607,2011-09-30,190,1,495.0,1,2,3,123,Lost,Cluster 1,14285.046927917172,Q4 (High)
16253,2011-09-30,184,1,1700.4,1,2,5,125,Lost,Cluster 0,2090.409567214172,Q4 (High)
16905,2011-09-30,165,3,822.18,2,4,4,244,At Risk (High Value),Cluster 0,2335.7554863597725,Q4 (High)
15749,2011-09-30,164,3,44534.3,2,4,5,245,At Risk (High Value),Cluster 0,15027.532060643054,Q4 (High)
15514,2011-09-30,154,6,2501.94,2,5,5,255,At Risk (High Value),Cluster 0,2209.206506718402,Q4 (High)
13883,2011-09-30,147,4,1742.78,2,4,5,245,At Risk (High Value),Cluster 0,1987.2016512296077,Q4 (High)
13365,2011-09-30,146,1,700.6,2,2,3,223,Lost,Cluster 1,1928.1531004480337,Q4 (High)
16440,2011-09-30,143,1,272.46,2,2,2,222,Lost,Cluster 1,4217.819540493843,Q4 (High)
16618,2011-09-30,139,4,1441.29,2,4,4,244,At Risk (High Value),Cluster 0,1868.580523576943,Q4 (High)
17504,2011-09-30,135,9,2997.03,2,5,5,255,At Risk (High Value),Cluster 0,2361.38842137808,Q4 (High)
16446,2011-09-30,134,1,2.9,2,1,1,211,Lost,Cluster 1,169023.70787304704,Q4 (High)
16497,2011-09-30,132,5,1550.7,2,5,4,254,At Risk (High Value),Cluster 0,2445.7158978091907,Q4 (High)
13758,2011-09-30,130,5,2351.52,2,5,5,255,At Risk (High Value),Cluster 0,2380.1481668516208,Q4 (High)
13523,2011-09-30,128,3,2369.24,2,4,5,245,At Risk (High Value),Cluster 0,2712.1521439431317,Q4 (High)
13015,2011-09-30,126,4,1763.04,2,4,5,245,At Risk (High Value),Cluster 0,3016.0051126111825,Q4 (High)
18231,2011-09-30,121,5,2071.77,2,5,5,255,At Risk (High Value),Cluster 0,1929.2517199022625,Q4 (High)
15687,2011-09-30,115,5,1679.45,2,5,5,255,At Risk (High Value),Cluster 0,2504.4195970278543,Q4 (High)
13115,2011-09-30,113,1,878.55,2,2,4,224,Lost,Cluster 1,2281.2194495768963,Q4 (High)
14963,2011-09-30,112,1,294.2,2,2,2,222,Lost,Cluster 1,2045.031605625578,Q4 (High)
17211,2011-09-30,109,6,1464.89,2,5,4,254,At Risk (High Value),Cluster 0,1846.8935290651484,Q4 (High)
16938,2011-09-30,108,3,2386.05,2,4,5,245,At Risk (High Value),Cluster 0,2360.6266582824474,Q4 (High)
14841,2011-09-30,108,4,2375.57,2,4,5,245,At Risk (High Value),Cluster 0,2491.8347973648147,Q4 (High)
17101,2011-09-30,107,1,230.58,2,1,2,212,Lost,Cluster 1,2305.6581883194303,Q4 (High)
15874,2011-09-30,106,6,2207.75,2,5,5,255,At Risk (High Value),Cluster 0,3829.9679526045265,Q4 (High)
15694,2011-09-30,105,8,3290.78,2,5,5,255,At Risk (High Value),Cluster 0,4913.361444028433,Q4 (High)
13632,2011-09-30,102,3,812.26,2,4,4,244,At Risk (High Value),Cluster 0,2329.153945118443,Q4 (High)
18260,2011-09-30,101,6,2628.35,2,5,5,255,At Risk (High Value),Cluster 0,2104.4631519237305,Q4 (High)
14701,2011-09-30,101,7,1941.43,2,5,5,255,At Risk (High Value),Cluster 0,2165.800903422758,Q4 (High)
16987,2011-09-30,99,3,629.45,2,4,3,243,At Risk (High Value),Cluster 0,2165.7312446197793,Q4 (High)
16966,2011-09-30,99,4,1486.56,2,4,4,244,At Risk (High Value),Cluster 0,2290.8043858042247,Q4 (High)
15379,2011-09-30,98,7,3703.29,2,5,5,255,At Risk (High Value),Cluster 0,1980.3798883619947,Q4 (High)
17768,2011-09-30,95,1,385.83,2,2,2,222,Lost,Cluster 1,2722.5581946134853,Q4 (High)
16242,2011-09-30,94,3,846.59,2,4,4,244,At Risk (High Value),Cluster 0,3533.897876341871,Q4 (High)
15482,2011-09-30,94,4,1928.3,2,4,5,245,At Risk (High Value),Cluster 0,8068.052354318614,Q4 (High)
17850,2011-10-31,332,34,5391.21,1,5,5,155,At Risk (High Value),Cluster 2,2667.600054127935,Q4 (High)
15808,2011-10-31,266,4,3651.27,1,4,5,145,At Risk (High Value),Cluster 0,2096.5140178164293,Q4 (High)
15676,2011-10-31,243,1,897.8,1,2,4,124,Lost,Cluster 1,2521.655898219527,Q4 (High)
12913,2011-10-31,242,3,866.39,1,4,4,144,At Risk (High Value),Cluster 0,1811.132508936293,Q4 (High)
13093,2011-10-31,235,8,7832.47,1,5,5,155,At Risk (High Value),Cluster 0,4078.758010080379,Q4 (High)
15749,2011-10-31,195,3,44534.3,1,4,5,145,At Risk (High Value),Cluster 0,15027.532060643054,Q4 (High)
15514,2011-10-31,185,6,2501.94,1,5,5,155,At Risk (High Value),Cluster 0,2209.206506718402,Q4 (High)
13883,2011-10-31,178,4,1742.78,2,4,4,244,At Risk (High Value),Cluster 0,1987.2016512296077,Q4 (High)
13365,2011-10-31,177,1,700.6,2,2,3,223,Lost,Cluster 1,1928.1531004480337,Q4 (High)
16618,2011-10-31,170,4,1441.29,2,4,4,244,At Risk (High Value),Cluster 0,1868.580523576943,Q4 (High)
17504,2011-10-31,166,9,2997.03,2,5,5,255,At Risk (High Value),Cluster 0,2361.38842137808,Q4 (High)
16446,2011-10-31,165,1,2.9,2,1,1,211,Lost,Cluster 1,169023.70787304704,Q4 (High)
13758,2011-10-31,161,5,2351.52,2,5,5,255,At Risk (High Value),Cluster 0,2380.1481668516208,Q4 (High)
18231,2011-10-31,152,5,2071.77,2,5,5,255,At Risk (High Value),Cluster 0,1929.2517199022625,Q4 (High)
16938,2011-10-31,139,3,2386.05,2,4,5,245,At Risk (High Value),Cluster 0,2360.6266582824474,Q4 (High)
18260,2011-10-31,132,6,2628.35,2,5,5,255,At Risk (High Value),Cluster 0,2104.4631519237305,Q4 (High)
14701,2011-10-31,132,7,1941.43,2,5,5,255,At Risk (High Value),Cluster 0,2165.800903422758,Q4 (High)
15379,2011-10-31,129,7,3703.29,2,5,5,255,At Risk (High Value),Cluster 0,1980.3798883619947,Q4 (High)
17768,2011-10-31,126,1,385.83,2,2,2,222,Lost,Cluster 1,2722.5581946134853,Q4 (High)
15065,2011-10-31,124,3,2858.75,2,4,5,245,At Risk (High Value),Cluster 0,2420.96317448002,Q4 (High)
16553,2011-10-31,123,12,5719.82,2,5,5,255,At Risk (High Value),Cluster 2,3344.3577726243952,Q4 (High)
13285,2011-10-31,121,3,1970.1,2,4,5,245,At Risk (High Value),Cluster 0,2138.6206162384765,Q4 (High)
14049,2011-10-31,118,3,3244.74,2,4,5,245,At Risk (High Value),Cluster 0,3962.576384520473,Q4 (High)
13001,2011-10-31,118,11,8582.57,2,5,5,255,At Risk (High Value),Cluster 2,7812.931556791057,Q4 (High)
12980,2011-10-31,117,9,7374.9,2,5,5,255,At Risk (High Value),Cluster 2,5143.554794402619,Q4 (High)
16919,2011-10-31,116,11,2592.25,2,5,5,255,At Risk (High Value),Cluster 2,2058.3747988419263,Q4 (High)
18245,2011-10-31,109,6,1672.81,2,5,4,254,At Risk (High Value),Cluster 0,1965.4237450231485,Q4 (High)
12840,2011-10-31,103,4,2726.77,2,4,5,245,At Risk (High Value),Cluster 0,2411.6718671490285,Q4 (High)
13081,2011-10-31,103,8,18870.12,2,5,5,255,At Risk (High Value),Cluster 2,19331.503949293154,Q4 (High)
15570,2011-10-31,101,9,2809.98,2,5,5,255,At Risk (High Value),Cluster 2,3057.566655752639,Q4 (High)
15704,2011-10-31,100,4,2293.62,2,4,5,245,At Risk (High Value),Cluster 0,1895.2410303797528,Q4 (High)
14426,2011-10-31,100,6,2885.58,2,5,5,255,At Risk (High Value),Cluster 0,3552.6193312898813,Q4 (High)
13802,2011-10-31,98,3,4599.42,2,4,5,245,At Risk (High Value),Cluster 0,3174.7228336230787,Q4 (High)
12916,2011-10-31,98,4,2944.95,2,4,5,245,At Risk (High Value),Cluster 0,2044.173835924193,Q4 (High)
13230,2011-10-31,98,12,2195.23,2,5,5,255,At Risk (High Value),Cluster 2,2365.94510183735,Q4 (High)
16841,2011-10-31,97,5,1561.06,2,5,4,254,At Risk (High Value),Cluster 0,1798.7946067057444,Q4 (High)
17364,2011-10-31,97,6,2617.41,2,5,5,255,At Risk (High Value),Cluster 0,3656.938701675399,Q4 (High)
17861,2011-10-31,96,5,1299.49,2,4,4,244,At Risk (High Value),Cluster 0,1915.8570972595824,Q4 (High)
16942,2011-10-31,96,7,1439.44,2,5,4,254,At Risk (High Value),Cluster 0,2283.2083764499716,Q4 (High)
13148,2011-10-31,93,10,2766.01,2,5,5,255,At Risk (High Value),Cluster 2,2828.949027260295,Q4 (High)
12749,2011-10-31,90,3,2755.23,2,4,5,245,At Risk (High Value),Cluster 0,4000.673767786136,Q4 (High)
13975,2011-10-31,88,4,1466.67,2,4,4,244,At Risk (High Value),Cluster 0,2044.3893691237636,Q4 (High)
13209,2011-10-31,88,5,4156.08,2,5,5,255,At Risk (High Value),Cluster 0,4427.626709697586,Q4 (High)
17723,2011-10-31,87,6,3276.4,2,5,5,255,At Risk (High Value),Cluster 0,3752.5346036919022,Q4 (High)
13451,2011-10-31,86,4,2385.5,2,4,5,245,At Risk (High Value),Cluster 0,2326.985484415254,Q4 (High)
18097,2011-10-31,86,5,1986.2,2,5,5,255,At Risk (High Value),Cluster 0,2174.1769888303743,Q4 (High)
13082,2011-10-31,86,9,3613.63,2,5,5,255,At Risk (High Value),Cluster 2,2886.9279357714768,Q4 (High)
14903,2011-10-31,84,4,2398.62,2,4,5,245,At Risk (High Value),Cluster 0,2457.2341489870864,Q4 (High)
13869,2011-10-31,83,4,3083.65,2,4,5,245,At Risk (High Value),Cluster 0,2311.635313881781,Q4 (High)
13500,2011-10-31,82,1,326.4,2,2,2,222,Lost,Cluster 1,2034.6400429056257,Q4 (High)
17850,2011-11-30,362,34,5391.21,1,5,5,155,At Risk (High Value),Cluster 2,2667.600054127935,Q4 (High)
15808,2011-11-30,296,4,3651.27,1,4,5,145,At Risk (High Value),Cluster 0,2096.5140178164293,Q4 (High)
13093,2011-11-30,265,8,7832.47,1,5,5,155,At Risk (High Value),Cluster 0,4078.758010080379,Q4 (High)
15749,2011-11-30,225,3,44534.3,1,4,5,145,At Risk (High Value),Cluster 0,15027.532060643054,Q4 (High)
17504,2011-11-30,196,9,2997.03,1,5,5,155,At Risk (High Value),Cluster 0,2361.38842137808,Q4 (High)
16446,2011-11-30,195,1,2.9,1,1,1,111,Lost,Cluster 1,169023.70787304704,Q4 (High)
18231,2011-11-30,182,5,2071.77,1,4,5,145,At Risk (High Value),Cluster 0,1929.2517199022625,Q4 (High)
16938,2011-11-30,169,3,2386.05,2,4,5,245,At Risk (High Value),Cluster 0,2360.6266582824474,Q4 (High)
18260,2011-11-30,162,6,2628.35,2,5,5,255,At Risk (High Value),Cluster 0,2104.4631519237305,Q4 (High)
15379,2011-11-30,159,7,3703.29,2,5,5,255,At Risk (High Value),Cluster 0,1980.3798883619947,Q4 (High)
16553,2011-11-30,153,12,5719.82,2,5,5,255,At Risk (High Value),Cluster 2,3344.3577726243952,Q4 (High)
12980,2011-11-30,147,9,7374.9,2,5,5,255,At Risk (High Value),Cluster 2,5143.554794402619,Q4 (High)
16919,2011-11-30,146,11,2592.25,2,5,5,255,At Risk (High Value),Cluster 2,2058.3747988419263,Q4 (High)
18245,2011-11-30,139,6,1672.81,2,5,4,254,At Risk (High Value),Cluster 0,1965.4237450231485,Q4 (High)
12840,2011-11-30,133,4,2726.77,2,4,5,245,At Risk (High Value),Cluster 0,2411.6718671490285,Q4 (High)
15704,2011-11-30,130,4,2293.62,2,4,5,245,At Risk (High Value),Cluster 0,1895.2410303797528,Q4 (High)
13802,2011-11-30,128,3,4599.42,2,4,5,245,At Risk (High Value),Cluster 0,3174.7228336230787,Q4 (High)
12916,2011-11-30,128,4,2944.95,2,4,5,245,At Risk (High Value),Cluster 0,2044.173835924193,Q4 (High)
17723,2011-11-30,117,6,3276.4,2,5,5,255,At Risk (High Value),Cluster 0,3752.5346036919022,Q4 (High)
18097,2011-11-30,116,5,1986.2,2,4,5,245,At Risk (High Value),Cluster 0,2174.1769888303743,Q4 (High)
13082,2011-11-30,116,9,3613.63,2,5,5,255,At Risk (High Value),Cluster 2,2886.9279357714768,Q4 (High)
13869,2011-11-30,113,4,3083.65,2,4,5,245,At Risk (High Value),Cluster 0,2311.635313881781,Q4 (High)
18073,2011-11-30,104,12,3859.82,2,5,5,255,At Risk (High Value),Cluster 2,4794.491953482141,Q4 (High)
13027,2011-11-30,103,6,6912.0,2,5,5,255,At Risk (High Value),Cluster 0,4416.536687053772,Q4 (High)
16143,2011-11-30,98,5,1949.36,2,4,5,245,At Risk (High Value),Cluster 0,1834.129677631336,Q4 (High)
14364,2011-11-30,98,8,3717.35,2,5,5,255,At Risk (High Value),Cluster 2,3900.7297231943817,Q4 (High)
14407,2011-11-30,97,5,2142.73,2,4,5,245,At Risk (High Value),Cluster 0,2035.7964309732304,Q4 (High)
16180,2011-11-30,90,8,10254.18,2,5,5,255,At Risk (High Value),Cluster 2,10150.506749003996,Q4 (High)
17386,2011-11-30,89,5,1697.34,2,4,4,244,At Risk (High Value),Cluster 0,3316.7858010953155,Q4 (High)
13631,2011-11-30,89,11,3070.42,2,5,5,255,At Risk (High Value),Cluster 2,3268.520985001698,Q4 (High)
13507,2011-11-30,88,3,2022.79,2,4,5,245,At Risk (High Value),Cluster 0,2441.248346368621,Q4 (High)
17050,2011-11-30,86,6,3185.64,2,5,5,255,At Risk (High Value),Cluster 0,3017.3090004769997,Q4 (High)
13851,2011-11-30,85,3,2651.46,2,4,5,245,At Risk (High Value),Cluster 0,2375.4517819635194,Q4 (High)
15491,2011-11-30,85,6,3100.09,2,5,5,255,At Risk (High Value),Cluster 0,2606.180812646768,Q4 (High)
17593,2011-11-30,81,4,3245.66,2,4,5,245,At Risk (High Value),Cluster 0,2759.627359877994,Q4 (High)
17426,2011-11-30,81,4,4280.59,2,4,5,245,At Risk (High Value),Cluster 0,3745.1695467953778,Q4 (High)
14250,2011-11-30,79,1,1228.83,2,2,4,224,Lost,Cluster 0,2011.846017959732,Q4 (High)
13124,2011-11-30,79,3,3756.33,2,4,5,245,At Risk (High Value),Cluster 0,2047.8459246591824,Q4 (High)
14837,2011-11-30,79,4,1649.5,2,4,4,244,At Risk (High Value),Cluster 0,1843.6532572877068,Q4 (High)
15939,2011-11-30,79,15,6115.01,2,5,5,255,At Risk (High Value),Cluster 2,4741.298026425798,Q4 (High)
15980,2011-11-30,78,3,2398.86,2,4,5,245,At Risk (High Value),Cluster 0,1803.89816921994,Q4 (High)
16209,2011-11-30,78,5,2262.62,2,4,5,245,At Risk (High Value),Cluster 0,2398.2932029208896,Q4 (High)
14307,2011-11-30,78,6,2995.72,2,5,5,255,At Risk (High Value),Cluster 0,1891.7270198579831,Q4 (High)
15764,2011-11-30,78,6,3279.97,2,5,5,255,At Risk (High Value),Cluster 0,2325.6170965188776,Q4 (High)
15932,2011-11-30,78,7,2195.65,2,5,5,255,At Risk (High Value),Cluster 0,2378.652838910677,Q4 (High)
14163,2011-11-30,77,4,2445.91,2,4,5,245,At Risk (High Value),Cluster 0,2480.472043787078,Q4 (High)
15854,2011-11-30,76,10,2839.94,2,5,5,255,At Risk (High Value),Cluster 2,2423.0609499764096,Q4 (High)
18065,2011-11-30,76,11,1949.19,2,5,5,255,At Risk (High Value),Cluster 2,1839.7176047728892,Q4 (High)
16745,2011-11-30,76,17,7180.7,2,5,5,255,At Risk (High Value),Cluster 2,6307.327950956655,Q4 (High)
13141,2011-11-30,74,5,2388.75,2,4,5,245,At Risk (High Value),Cluster 0,1857.6455352939608,Q4 (High)
16709,2011-11-30,74,5,3029.87,2,5,5,255,At Risk (High Value),Cluster 0,2076.418605489492,Q4 (High)
15410,2011-11-30,74,8,3450.84,2,5,5,255,At Risk (High Value),Cluster 2,3429.4117807988996,Q4 (High)
13334,2011-11-30,72,3,3502.32,2,4,5,245,At Risk (High Value),Cluster 0,1844.769554201611,Q4 (High)
14769,2011-11-30,72,7,10073.36,2,5,5,255,At Risk (High Value),Cluster 2,7920.524967360273,Q4 (High)
14146,2011-11-30,71,4,2965.84,2,4,5,245,At Risk (High Value),Cluster 0,2450.0993068841517,Q4 (High)
18094,2011-11-30,71,7,3017.3,2,5,5,255,At Risk (High Value),Cluster 0,2578.7268547867443,Q4 (High)
14766,2011-11-30,70,5,2050.85,2,4,5,245,At Risk (High Value),Cluster 0,2008.3463227343636,Q4 (High)
17686,2011-11-30,70,6,5110.09,2,5,5,255,At Risk (High Value),Cluster 0,3870.369229308474,Q4 (High)
16928,2011-11-30,70,17,2806.75,2,5,5,255,At Risk (High Value),Cluster 2,2346.064268415358,Q4 (High)
13908,2011-11-30,69,4,2369.55,2,4,5,245,At Risk (High Value),Cluster 0,2075.1458376934524,Q4 (High)
13486,2011-11-30,68,3,1122.41,2,4,4,244,At Risk (High Value),Cluster 0,1838.3750554866651,Q4 (High)
14854,2011-11-30,68,7,2740.03,2,5,5,255,At Risk (High Value),Cluster 0,2551.2177981767413,Q4 (High)
17850,2011-12-31,393,34,5391.21,1,5,5,155,At Risk (High Value),Cluster 2,2667.600054127935,Q4 (High)
15808,2011-12-31,327,4,3651.27,1,4,5,145,At Risk (High Value),Cluster 0,2096.5140178164293,Q4 (High)
13093,2011-12-31,296,8,7832.47,1,5,5,155,At Risk (High Value),Cluster 0,4078.758010080379,Q4 (High)
15749,2011-12-31,256,3,44534.3,1,4,5,145,At Risk (High Value),Cluster 0,15027.532060643054,Q4 (High)
17504,2011-12-31,227,9,2997.03,1,5,5,155,At Risk (High Value),Cluster 0,2361.38842137808,Q4 (High)
18231,2011-12-31,213,5,2071.77,1,4,5,145,At Risk (High Value),Cluster 0,1929.2517199022625,Q4 (High)
18260,2011-12-31,193,6,2628.35,2,5,5,255,At Risk (High Value),Cluster 0,2104.4631519237305,Q4 (High)
15379,2011-12-31,190,7,3703.29,2,5,5,255,At Risk (High Value),Cluster 0,1980.3798883619947,Q4 (High)
16553,2011-12-31,184,12,5719.82,2,5,5,255,At Risk (High Value),Cluster 2,3344.3577726243952,Q4 (High)
12980,2011-12-31,178,9,7374.9,2,5,5,255,At Risk (High Value),Cluster 2,5143.554794402619,Q4 (High)
16919,2011-12-31,177,11,2592.25,2,5,5,255,At Risk (High Value),Cluster 0,2058.3747988419263,Q4 (High)
12840,2011-12-31,164,4,2726.77,2,4,5,245,At Risk (High Value),Cluster 0,2411.6718671490285,Q4 (High)
15704,2011-12-31,161,4,2293.62,2,4,5,245,At Risk (High Value),Cluster 0,1895.2410303797528,Q4 (High)
13802,2011-12-31,159,3,4599.42,2,4,5,245,At Risk (High Value),Cluster 0,3174.7228336230787,Q4 (High)
12916,2011-12-31,159,4,2944.95,2,4,5,245,At Risk (High Value),Cluster 0,2044.173835924193,Q4 (High)
17723,2011-12-31,148,6,3276.4,2,5,5,255,At Risk (High Value),Cluster 0,3752.5346036919022,Q4 (High)
13082,2011-12-31,147,9,3613.63,2,5,5,255,At Risk (High Value),Cluster 0,2886.9279357714768,Q4 (High)
13869,2011-12-31,144,4,3083.65,2,4,5,245,At Risk (High Value),Cluster 0,2311.635313881781,Q4 (High)
18073,2011-12-31,135,12,3859.82,2,5,5,255,At Risk (High Value),Cluster 2,4794.491953482141,Q4 (High)
13027,2011-12-31,134,6,6912.0,2,5,5,255,At Risk (High Value),Cluster 0,4416.536687053772,Q4 (High)
14364,2011-12-31,129,8,3717.35,2,5,5,255,At Risk (High Value),Cluster 0,3900.7297231943817,Q4 (High)
14407,2011-12-31,128,5,2142.73,2,4,5,245,At Risk (High Value),Cluster 0,2035.7964309732304,Q4 (High)
16180,2011-12-31,121,8,10254.18,2,5,5,255,At Risk (High Value),Cluster 2,10150.506749003996,Q4 (High)
13631,2011-12-31,120,11,3070.42,2,5,5,255,At Risk (High Value),Cluster 2,3268.520985001698,Q4 (High)
17050,2011-12-31,117,6,3185.64,2,5,5,255,At Risk (High Value),Cluster 0,3017.3090004769997,Q4 (High)
13851,2011-12-31,116,3,2651.46,2,4,5,245,At Risk (High Value),Cluster 0,2375.4517819635194,Q4 (High)
15491,2011-12-31,116,6,3100.09,2,5,5,255,At Risk (High Value),Cluster 0,2606.180812646768,Q4 (High)
13124,2011-12-31,110,3,3756.33,2,4,5,245,At Risk (High Value),Cluster 0,2047.8459246591824,Q4 (High)
14837,2011-12-31,110,4,1649.5,2,4,4,244,At Risk (High Value),Cluster 0,1843.6532572877068,Q4 (High)
15939,2011-12-31,110,15,6115.01,2,5,5,255,At Risk (High Value),Cluster 2,4741.298026425798,Q4 (High)
15980,2011-12-31,109,3,2398.86,2,4,5,245,At Risk (High Value),Cluster 0,1803.89816921994,Q4 (High)
16209,2011-12-31,109,5,2262.62,2,4,5,245,At Risk (High Value),Cluster 0,2398.2932029208896,Q4 (High)
14307,2011-12-31,109,6,2995.72,2,5,5,255,At Risk (High Value),Cluster 0,1891.7270198579831,Q4 (High)
15764,2011-12-31,109,6,3279.97,2,5,5,255,At Risk (High Value),Cluster 0,2325.6170965188776,Q4 (High)
14163,2011-12-31,108,4,2445.91,2,4,5,245,At Risk (High Value),Cluster 0,2480.472043787078,Q4 (High)
16745,2011-12-31,107,17,7180.7,2,5,5,255,At Risk (High Value),Cluster 2,6307.327950956655,Q4 (High)
13141,2011-12-31,105,5,2388.75,2,4,5,245,At Risk (High Value),Cluster 0,1857.6455352939608,Q4 (High)
16709,2011-12-31,105,5,3029.87,2,4,5,245,At Risk (High Value),Cluster 0,2076.418605489492,Q4 (High)
15410,2011-12-31,105,8,3450.84,2,5,5,255,At Risk (High Value),Cluster 0,3429.4117807988996,Q4 (High)
13334,2011-12-31,103,3,3502.32,2,4,5,245,At Risk (High Value),Cluster 0,1844.769554201611,Q4 (High)
18094,2011-12-31,102,7,3017.3,2,5,5,255,At Risk (High Value),Cluster 0,2578.7268547867443,Q4 (High)
16928,2011-12-31,101,17,2806.75,2,5,5,255,At Risk (High Value),Cluster 2,2346.064268415358,Q4 (High)
13908,2011-12-31,100,4,2369.55,2,4,5,245,At Risk (High Value),Cluster 0,2075.1458376934524,Q4 (High)
13486,2011-12-31,99,3,1122.41,2,4,4,244,At Risk (High Value),Cluster 0,1838.3750554866651,Q4 (High)
14854,2011-12-31,99,7,2740.03,2,5,5,255,At Risk (High Value),Cluster 0,2551.2177981767413,Q4 (High)
14235,2011-12-31,96,5,3144.86,2,4,5,245,At Risk (High Value),Cluster 0,2563.820842830971,Q4 (High)
17997,2011-12-31,95,8,1962.46,2,5,5,255,At Risk (High Value),Cluster 0,2890.946100171438,Q4 (High)
15674,2011-12-31,94,4,2111.89,2,4,5,245,At Risk (High Value),Cluster 0,2106.4924976698144,Q4 (High)
13555,2011-12-31,94,4,4098.88,2,4,5,245,At Risk (High Value),Cluster 0,3039.75799466404,Q4 (High)
17656,2011-12-31,94,5,1674.69,2,4,4,244,At Risk (High Value),Cluster 0,2844.8800291470825,Q4 (High)
14101,2011-12-31,94,6,5976.79,2,5,5,255,At Risk (High Value),Cluster 0,4538.850758248176,Q4 (High)
17061,2011-12-31,94,11,5232.23,2,5,5,255,At Risk (High Value),Cluster 2,4018.163233660487,Q4 (High)
18242,2011-12-31,93,4,2232.49,2,4,5,245,At Risk (High Value),Cluster 0,2499.4157454223423,Q4 (High)
16182,2011-12-31,93,4,6617.65,2,4,5,245,At Risk (High Value),Cluster 0,5248.308061160787,Q4 (High)
13901,2011-12-31,93,5,2867.2,2,4,5,245,At Risk (High Value),Cluster 0,2512.3355434537257,Q4 (High)
16681,2011-12-31,93,6,1770.34,2,5,4,254,At Risk (High Value),Cluster 0,1904.3518500090288,Q4 (High)
13369,2010-12-31,21,1,308.28,3,3,3,333,Loyal Customers,Cluster 3,252.1707849295519,Q1 (Low)
16065,2010-12-31,21,1,367.14,3,3,3,333,Loyal Customers,Cluster 3,252.1707849295519,Q1 (Low)
12872,2010-12-31,21,1,378.53,3,3,4,334,Loyal Customers,Cluster 3,444.4497509914051,Q1 (Low)
16795,2010-12-31,21,1,414.88,3,3,4,334,Loyal Customers,Cluster 3,252.1707849295519,Q1 (Low)
17950,2010-12-31,21,2,263.17,3,4,2,342,Loyal Customers,Cluster 3,446.3912897797235,Q1 (Low)
17880,2010-12-31,20,1,458.92,3,4,4,344,Loyal Customers,Cluster 3,252.7520693965762,Q1 (Low)
15361,2010-12-31,17,1,418.92,3,3,4,334,Loyal Customers,Cluster 3,254.5121144310764,Q1 (Low)
17890,2010-12-31,17,1,463.01,3,4,4,344,Loyal Customers,Cluster 3,386.8683787596405,Q1 (Low)
16202,2010-12-31,16,1,365.27,4,3,3,433,Loyal Customers,Cluster 3,255.104256109008,Q1 (Low)
16812,2010-12-31,16,1,479.35,4,4,4,444,Champions,Cluster 3,255.104256109008,Q1 (Low)
15107,2010-12-31,16,2,177.05,4,4,2,442,Champions,Cluster 3,315.19389114494186,Q1 (Low)
16499,2010-12-31,16,2,365.45,4,4,3,443,Champions,Cluster 3,395.35373008504587,Q1 (Low)
17525,2010-12-31,15,1,422.7,4,3,4,434,Loyal Customers,Cluster 3,255.69915962043345,Q1 (Low)
13496,2010-12-31,15,1,501.01,4,4,4,444,Champions,Cluster 3,409.97435152372253,Q1 (Low)
17912,2010-12-31,15,4,288.46,4,5,3,453,Champions,Cluster 3,455.43767391662567,Q1 (Low)
15789,2010-12-31,14,1,351.3,4,3,3,433,Loyal Customers,Cluster 3,256.29684433342214,Q1 (Low)
18176,2010-12-31,14,1,476.35,5,4,4,544,Champions,Cluster 3,256.29684433342214,Q1 (Low)
13874,2010-12-31,14,1,540.45,5,4,4,544,Champions,Cluster 3,256.29684433342214,Q1 (Low)
17691,2010-12-31,14,2,290.4,5,4,3,543,Champions,Cluster 3,392.8992203320243,Q1 (Low)
12967,2010-12-31,14,2,1660.9,5,5,5,555,Champions,Cluster 0,479.4821775823026,Q1 (Low)
15204,2010-12-31,13,1,316.58,5,3,3,533,Loyal Customers,Cluster 3,256.89732979756576,Q1 (Low)
16270,2010-12-31,9,1,1141.24,5,4,5,545,Champions,Cluster 3,259.32767663118875,Q1 (Low)
15204,2011-01-31,44,1,316.58,3,3,3,333,Loyal Customers,Cluster 1,256.89732979756576,Q1 (Low)
16270,2011-01-31,40,1,1141.24,3,4,5,345,Loyal Customers,Cluster 0,259.32767663118875,Q1 (Low)
15464,2011-01-31,25,1,1044.65,3,4,5,345,Loyal Customers,Cluster 3,268.8661000580611,Q1 (Low)
12829,2011-01-31,23,2,293.0,3,4,2,342,Loyal Customers,Cluster 3,439.5250763239134,Q1 (Low)
16850,2011-01-31,20,1,332.41,3,3,3,333,Loyal Customers,Cluster 3,272.20344248710376,Q1 (Low)
16112,2011-01-31,20,2,136.14,3,4,1,341,Loyal Customers,Cluster 3,454.7283717720453,Q1 (Low)
17569,2011-01-31,19,1,344.14,3,3,3,333,Loyal Customers,Cluster 3,272.8808781189593,Q1 (Low)
14320,2011-01-31,19,1,352.51,3,3,3,333,Loyal Customers,Cluster 3,418.239068449407,Q1 (Low)
14270,2011-01-31,18,1,492.65,3,3,4,334,Loyal Customers,Cluster 3,273.56169416001677,Q1 (Low)
15171,2011-01-31,18,1,1289.5,3,4,5,345,Loyal Customers,Cluster 3,273.56169416001677,Q1 (Low)
15107,2011-01-31,17,5,278.7,4,5,2,452,Champions,Cluster 3,315.19389114494186,Q1 (Low)
18106,2011-01-31,16,1,421.9,4,3,3,433,Loyal Customers,Cluster 3,274.9335691899618,Q1 (Low)
13385,2011-01-31,16,1,534.57,4,3,4,434,Loyal Customers,Cluster 3,274.9335691899618,Q1 (Low)
12872,2011-01-31,13,2,599.97,4,4,4,444,Champions,Cluster 3,444.4497509914051,Q1 (Low)
18233,2011-01-31,12,1,440.0,4,3,4,434,Loyal Customers,Cluster 3,277.71901751195236,Q1 (Low)
12346,2011-01-31,12,1,77183.6,4,4,5,445,Champions,Cluster 2,277.71901751195236,Q1 (Low)
17862,2011-01-31,10,1,330.9,4,3,3,433,Loyal Customers,Cluster 3,279.1330154422178,Q1 (Low)
15422,2011-01-31,10,2,97.7,4,4,1,441,Champions,Cluster 3,279.1330154422178,Q1 (Low)
18037,2011-01-31,9,2,39.55,4,4,1,441,Champions,Cluster 3,381.26973702582626,Q1 (Low)
14779,2011-01-31,9,2,348.15,4,4,3,443,Champions,Cluster 3,448.11702838568414,Q1 (Low)
17890,2011-01-31,9,2,586.89,4,4,4,444,Champions,Cluster 3,386.8683787596405,Q1 (Low)
14130,2011-01-31,6,1,480.91,4,3,4,434,Loyal Customers,Cluster 3,282.00465320400264,Q1 (Low)
13615,2011-01-31,5,1,417.69,5,3,3,533,Loyal Customers,Cluster 3,282.7318188289622,Q1 (Low)
15222,2011-01-31,5,1,585.0,5,3,4,534,Loyal Customers,Cluster 3,282.7318188289622,Q1 (Low)
16222,2011-01-31,5,1,773.55,5,3,4,534,Loyal Customers,Cluster 3,282.7318188289622,Q1 (Low)
15213,2011-01-31,5,2,328.35,5,4,3,543,Champions,Cluster 3,342.07863530982047,Q1 (Low)
15661,2011-01-31,4,2,309.8,5,4,3,543,Champions,Cluster 3,454.44117926733344,Q1 (Low)
16714,2011-01-31,4,2,1114.06,5,4,5,545,Champions,Cluster 3,356.01278380343166,Q1 (Low)
13328,2011-01-31,3,1,1308.48,5,4,5,545,Champions,Cluster 3,284.1974590410376,Q1 (Low)
13506,2011-01-31,3,2,458.52,5,4,4,544,Champions,Cluster 3,401.2423304606611,Q1 (Low)
17239,2011-01-31,0,1,382.5,5,3,3,533,Loyal Customers,Cluster 3,287.17480470456337,Q1 (Low)
17431,2011-01-31,0,1,403.3,5,3,3,533,Loyal Customers,Cluster 3,286.4246349202493,Q1 (Low)
15448,2011-01-31,0,1,494.64,5,3,4,534,Loyal Customers,Cluster 3,287.17480470456337,Q1 (Low)
15415,2011-01-31,0,1,559.61,5,3,4,534,Loyal Customers,Cluster 3,286.4246349202493,Q1 (Low)
17580,2011-01-31,0,2,165.07,5,4,1,541,Champions,Cluster 3,445.8636342605289,Q1 (Low)
18095,2011-01-31,0,2,580.05,5,4,4,544,Champions,Cluster 3,469.0499529429914,Q1 (Low)
12346,2011-02-28,40,1,77183.6,3,4,5,345,Loyal Customers,Cluster 0,277.71901751195236,Q1 (Low)
17862,2011-02-28,38,1,330.9,3,3,3,333,Loyal Customers,Cluster 1,279.1330154422178,Q1 (Low)
15422,2011-02-28,38,2,97.7,3,4,1,341,Loyal Customers,Cluster 1,279.1330154422178,Q1 (Low)
18037,2011-02-28,37,2,39.55,3,4,1,341,Loyal Customers,Cluster 1,381.26973702582626,Q1 (Low)
14779,2011-02-28,37,2,348.15,3,4,3,343,Loyal Customers,Cluster 1,448.11702838568414,Q1 (Low)
17890,2011-02-28,37,2,586.89,3,4,4,344,Loyal Customers,Cluster 0,386.8683787596405,Q1 (Low)
14130,2011-02-28,34,1,480.91,3,3,3,333,Loyal Customers,Cluster 1,282.00465320400264,Q1 (Low)
13615,2011-02-28,33,1,417.69,3,3,3,333,Loyal Customers,Cluster 1,282.7318188289622,Q1 (Low)
15222,2011-02-28,33,1,585.0,3,3,4,334,Loyal Customers,Cluster 3,282.7318188289622,Q1 (Low)
16222,2011-02-28,33,1,773.55,3,3,4,334,Loyal Customers,Cluster 3,282.7318188289622,Q1 (Low)
15213,2011-02-28,33,2,328.35,3,4,3,343,Loyal Customers,Cluster 3,342.07863530982047,Q1 (Low)
15661,2011-02-28,32,2,309.8,3,4,3,343,Loyal Customers,Cluster 3,454.44117926733344,Q1 (Low)
16714,2011-02-28,32,2,1114.06,3,4,5,345,Loyal Customers,Cluster 0,356.01278380343166,Q1 (Low)
13328,2011-02-28,31,1,1308.48,3,4,5,345,Loyal Customers,Cluster 0,284.1974590410376,Q1 (Low)
13506,2011-02-28,31,2,458.52,3,4,3,343,Loyal Customers,Cluster 3,401.2423304606611,Q1 (Low)
17431,2011-02-28,28,1,403.3,3,3,3,333,Loyal Customers,Cluster 3,286.4246349202493,Q1 (Low)
15415,2011-02-28,28,1,559.61,3,3,4,334,Loyal Customers,Cluster 3,286.4246349202493,Q1 (Low)
17239,2011-02-28,27,1,382.5,3,3,3,333,Loyal Customers,Cluster 3,287.17480470456337,Q1 (Low)
15448,2011-02-28,27,1,494.64,3,3,4,334,Loyal Customers,Cluster 3,287.17480470456337,Q1 (Low)
17580,2011-02-28,27,2,165.07,3,4,1,341,Loyal Customers,Cluster 3,445.8636342605289,Q1 (Low)
18095,2011-02-28,27,2,580.05,3,4,4,344,Loyal Customers,Cluster 0,469.0499529429914,Q1 (Low)
14850,2011-02-28,26,1,325.75,3,3,3,333,Loyal Customers,Cluster 3,287.9289144653039,Q1 (Low)
16716,2011-02-28,26,1,734.4,3,3,4,334,Loyal Customers,Cluster 3,469.5103427613294,Q1 (Low)
14496,2011-02-28,26,2,538.81,3,4,4,344,Loyal Customers,Cluster 3,445.502682951512,Q1 (Low)
15107,2011-02-28,26,6,319.5,3,5,3,353,Loyal Customers,Cluster 0,315.19389114494186,Q1 (Low)
18250,2011-02-28,25,1,349.27,3,3,3,333,Loyal Customers,Cluster 3,288.68699532499596,Q1 (Low)
14411,2011-02-28,25,1,1063.0,3,3,5,335,Loyal Customers,Cluster 3,288.68699532499596,Q1 (Low)
17223,2011-02-28,25,2,381.89,3,4,3,343,Loyal Customers,Cluster 3,381.5506494481307,Q1 (Low)
17912,2011-02-28,25,5,310.06,3,5,3,353,Loyal Customers,Cluster 0,455.43767391662567,Q1 (Low)
16030,2011-02-28,24,1,331.24,4,3,3,433,Loyal Customers,Cluster 3,289.4490787348341,Q1 (Low)
14497,2011-02-28,24,1,475.37,4,3,3,433,Loyal Customers,Cluster 3,289.4490787348341,Q1 (Low)
13800,2011-02-28,24,1,558.32,4,3,4,434,Loyal Customers,Cluster 3,289.4490787348341,Q1 (Low)
15090,2011-02-28,23,1,381.32,4,3,3,433,Loyal Customers,Cluster 3,290.21519647903204,Q1 (Low)
17226,2011-02-28,23,1,393.49,4,3,3,433,Loyal Customers,Cluster 3,290.21519647903204,Q1 (Low)
17291,2011-02-28,23,1,550.8,4,3,4,434,Loyal Customers,Cluster 3,290.21519647903204,Q1 (Low)
17392,2011-02-28,21,2,411.27,4,4,3,443,Champions,Cluster 3,404.04760496670247,Q1 (Low)
14600,2011-02-28,20,1,393.33,4,3,3,433,Loyal Customers,Cluster 3,292.5380786483674,Q1 (Low)
14048,2011-02-28,20,1,409.93,4,3,3,433,Loyal Customers,Cluster 3,292.5380786483674,Q1 (Low)
17358,2011-02-28,18,2,360.81,4,4,3,443,Champions,Cluster 3,389.9864170010345,Q1 (Low)
13706,2011-02-28,17,1,330.79,4,3,3,433,Loyal Customers,Cluster 3,294.89844696985415,Q1 (Low)
14431,2011-02-28,17,1,470.36,4,3,3,433,Loyal Customers,Cluster 3,294.89844696985415,Q1 (Low)
16405,2011-02-28,17,2,167.25,4,4,1,441,Champions,Cluster 3,463.1786956222309,Q1 (Low)
17334,2011-02-28,17,2,307.02,4,4,2,442,Champions,Cluster 3,357.66277111857727,Q1 (Low)
18159,2011-02-28,16,1,530.15,4,3,4,434,Loyal Customers,Cluster 3,295.6937239317185,Q1 (Low)
13672,2011-02-28,16,2,186.39,4,4,2,442,Champions,Cluster 3,414.9988390834494,Q1 (Low)
16084,2011-02-28,14,1,436.18,4,3,3,433,Loyal Customers,Cluster 3,297.29721627047735,Q1 (Low)
16897,2011-02-28,14,2,289.78,4,4,2,442,Champions,Cluster 3,400.7573099356017,Q1 (Low)
13893,2011-02-28,12,1,821.1,4,3,4,434,Loyal Customers,Cluster 3,298.9181949969317,Q1 (Low)
16509,2011-02-28,11,1,363.7,4,3,3,433,Loyal Customers,Cluster 3,299.7353313900146,Q1 (Low)
16494,2011-02-28,11,1,826.53,4,3,4,434,Loyal Customers,Cluster 3,299.7353313900146,Q1 (Low)
15759,2011-02-28,11,2,185.04,4,4,2,442,Champions,Cluster 3,440.2709285942383,Q1 (Low)
13151,2011-02-28,10,1,1257.87,4,4,5,445,Champions,Cluster 3,300.5569477277047,Q1 (Low)
12988,2011-02-28,7,1,505.82,5,3,4,534,Loyal Customers,Cluster 3,303.0490478952023,Q1 (Low)
13044,2011-02-28,6,1,560.47,5,3,4,534,Loyal Customers,Cluster 3,303.8889575574897,Q1 (Low)
15303,2011-02-28,5,1,574.02,5,3,4,534,Loyal Customers,Cluster 3,304.73353601689666,Q1 (Low)
18087,2011-02-28,5,1,3202.92,5,4,5,545,Champions,Cluster 3,304.73353601689666,Q1 (Low)
17499,2011-02-28,4,1,622.88,5,3,4,534,Loyal Customers,Cluster 3,305.582822311874,Q1 (Low)
18056,2011-02-28,3,1,363.65,5,3,3,533,Loyal Customers,Cluster 3,306.43685591734396,Q1 (Low)
12945,2011-02-28,3,1,462.95,5,3,3,533,Loyal Customers,Cluster 3,306.43685591734396,Q1 (Low)
16072,2011-02-28,3,1,584.32,5,3,4,534,Loyal Customers,Cluster 3,306.43685591734396,Q1 (Low)
13345,2011-02-28,2,1,389.5,5,3,3,533,Loyal Customers,Cluster 3,307.2956767508019,Q1 (Low)
13753,2011-02-28,2,1,741.26,5,3,4,534,Loyal Customers,Cluster 3,307.2956767508019,Q1 (Low)
13666,2011-02-28,2,2,64.05,5,4,1,541,Champions,Cluster 3,391.0996567398756,Q1 (Low)
16473,2011-02-28,2,2,217.81,5,4,2,542,Champions,Cluster 3,472.92609399399873,Q1 (Low)
14036,2011-02-28,0,1,626.65,5,3,4,534,Loyal Customers,Cluster 3,309.9012685640633,Q1 (Low)
13261,2011-02-28,0,1,845.1,5,3,4,534,Loyal Customers,Cluster 3,450.3592544479498,Q1 (Low)
14616,2011-02-28,0,2,247.68,5,4,2,542,Champions,Cluster 3,493.9071358089276,Q1 (Low)
13893,2011-03-31,43,1,821.1,3,3,4,334,Loyal Customers,Cluster 0,298.9181949969317,Q1 (Low)
16509,2011-03-31,42,1,363.7,3,3,3,333,Loyal Customers,Cluster 1,299.7353313900146,Q1 (Low)
16494,2011-03-31,42,1,826.53,3,3,4,334,Loyal Customers,Cluster 0,299.7353313900146,Q1 (Low)
15759,2011-03-31,42,2,185.04,3,3,2,332,Loyal Customers,Cluster 1,440.2709285942383,Q1 (Low)
13151,2011-03-31,41,1,1257.87,3,3,5,335,Loyal Customers,Cluster 0,300.5569477277047,Q1 (Low)
12988,2011-03-31,38,1,505.82,3,3,3,333,Loyal Customers,Cluster 1,303.0490478952023,Q1 (Low)
13044,2011-03-31,37,1,560.47,3,3,4,334,Loyal Customers,Cluster 1,303.8889575574897,Q1 (Low)
15303,2011-03-31,36,1,574.02,3,3,4,334,Loyal Customers,Cluster 1,304.73353601689666,Q1 (Low)
18087,2011-03-31,36,1,3202.92,3,3,5,335,Loyal Customers,Cluster 0,304.73353601689666,Q1 (Low)
17499,2011-03-31,35,1,622.88,3,3,4,334,Loyal Customers,Cluster 3,305.582822311874,Q1 (Low)
18056,2011-03-31,34,1,363.65,3,3,3,333,Loyal Customers,Cluster 1,306.43685591734396,Q1 (Low)
12945,2011-03-31,34,1,462.95,3,3,3,333,Loyal Customers,Cluster 1,306.43685591734396,Q1 (Low)
16072,2011-03-31,34,1,584.32,3,3,4,334,Loyal Customers,Cluster 3,306.43685591734396,Q1 (Low)
13345,2011-03-31,33,1,389.5,3,3,3,333,Loyal Customers,Cluster 1,307.2956767508019,Q1 (Low)
13753,2011-03-31,33,1,741.26,3,3,4,334,Loyal Customers,Cluster 3,307.2956767508019,Q1 (Low)
13666,2011-03-31,33,2,64.05,3,3,1,331,Loyal Customers,Cluster 1,391.0996567398756,Q1 (Low)
16473,2011-03-31,33,2,217.81,3,4,2,342,Loyal Customers,Cluster 1,472.92609399399873,Q1 (Low)
14036,2011-03-31,30,1,626.65,3,3,4,334,Loyal Customers,Cluster 3,309.9012685640633,Q1 (Low)
14616,2011-03-31,30,2,247.68,3,4,2,342,Loyal Customers,Cluster 3,493.9071358089276,Q1 (Low)
13166,2011-03-31,29,1,417.2,3,3,3,333,Loyal Customers,Cluster 3,310.77964655589045,Q1 (Low)
15456,2011-03-31,29,3,434.59,3,4,3,343,Loyal Customers,Cluster 0,440.8222892069657,Q1 (Low)
12873,2011-03-31,28,1,374.0,3,3,3,333,Loyal Customers,Cluster 3,311.66301822326943,Q1 (Low)
16792,2011-03-31,28,2,110.38,3,3,1,331,Loyal Customers,Cluster 1,311.66301822326943,Q1 (Low)
13497,2011-03-31,28,2,348.05,3,4,3,343,Loyal Customers,Cluster 3,426.4166462368775,Q1 (Low)
16159,2011-03-31,27,1,348.2,3,3,3,333,Loyal Customers,Cluster 3,312.5514262735336,Q1 (Low)
14570,2011-03-31,26,2,217.21,3,4,2,342,Loyal Customers,Cluster 3,313.4449139024189,Q1 (Low)
14670,2011-03-31,26,2,392.86,3,4,3,343,Loyal Customers,Cluster 3,313.4449139024189,Q1 (Low)
14779,2011-03-31,26,3,386.15,3,4,3,343,Loyal Customers,Cluster 0,448.11702838568414,Q1 (Low)
15869,2011-03-31,23,2,149.64,4,3,1,431,Loyal Customers,Cluster 3,316.15629369210825,Q1 (Low)
17817,2011-03-31,23,2,269.7,4,4,2,442,Champions,Cluster 3,479.67631403754166,Q1 (Low)
16917,2011-03-31,22,1,391.52,4,3,3,433,Loyal Customers,Cluster 3,317.07054160851413,Q1 (Low)
17138,2011-03-31,21,1,380.5,4,3,3,433,Loyal Customers,Cluster 3,317.9900926576062,Q1 (Low)
14603,2011-03-31,20,1,660.0,4,3,4,434,Loyal Customers,Cluster 3,318.9149931168783,Q1 (Low)
13043,2011-03-31,19,1,516.42,4,3,4,434,Loyal Customers,Cluster 3,319.845289803876,Q1 (Low)
13133,2011-03-31,19,2,109.8,4,3,1,431,Loyal Customers,Cluster 3,397.7585384434525,Q1 (Low)
14114,2011-03-31,19,2,386.53,4,4,3,443,Champions,Cluster 3,464.28092515483695,Q1 (Low)
16766,2011-03-31,19,2,1145.6,4,4,5,445,Champions,Cluster 0,319.845289803876,Q1 (Low)
15047,2011-03-31,15,1,343.62,4,3,3,433,Loyal Customers,Cluster 3,323.6213945276904,Q1 (Low)
17816,2011-03-31,15,2,21.31,4,3,1,431,Loyal Customers,Cluster 3,355.0681147949577,Q1 (Low)
13358,2011-03-31,14,1,439.03,4,3,3,433,Loyal Customers,Cluster 3,324.5793940787449,Q1 (Low)
16152,2011-03-31,14,1,1829.04,4,3,5,435,Loyal Customers,Cluster 3,324.5793940787449,Q1 (Low)
13261,2011-03-31,14,2,944.1,4,4,4,444,Champions,Cluster 3,450.3592544479498,Q1 (Low)
16377,2011-03-31,13,1,676.2,4,3,4,434,Loyal Customers,Cluster 3,325.54308255594214,Q1 (Low)
16216,2011-03-31,13,1,914.93,4,3,4,434,Loyal Customers,Cluster 3,325.54308255594214,Q1 (Low)
14633,2011-03-31,12,1,344.9,4,3,3,433,Loyal Customers,Cluster 3,326.51251078632276,Q1 (Low)
16256,2011-03-31,12,1,752.43,4,3,4,434,Loyal Customers,Cluster 3,326.51251078632276,Q1 (Low)
15695,2011-03-31,12,2,409.98,4,4,3,443,Champions,Cluster 3,326.51251078632276,Q1 (Low)
16716,2011-03-31,12,2,901.2,4,4,4,444,Champions,Cluster 3,469.5103427613294,Q1 (Low)
16402,2011-03-31,10,2,293.45,4,4,2,442,Champions,Cluster 3,359.1264872099308,Q1 (Low)
13934,2011-03-31,9,1,922.1,4,3,4,434,Loyal Customers,Cluster 3,329.45575143126223,Q1 (Low)
16427,2011-03-31,9,2,241.06,4,4,2,442,Champions,Cluster 3,476.8532498142305,Q1 (Low)
16135,2011-03-31,8,1,517.55,5,3,4,534,Loyal Customers,Cluster 3,330.4486592283108,Q1 (Low)
17486,2011-03-31,7,1,396.87,5,3,3,533,Loyal Customers,Cluster 3,331.44757020775677,Q1 (Low)
16250,2011-03-31,7,2,389.44,5,4,3,543,Champions,Cluster 3,402.6995758873606,Q1 (Low)
16769,2011-03-31,6,1,361.54,5,3,3,533,Loyal Customers,Cluster 3,332.4525389802796,Q1 (Low)
14348,2011-03-31,6,1,409.57,5,3,3,533,Loyal Customers,Cluster 3,332.4525389802796,Q1 (Low)
16022,2011-03-31,6,1,602.63,5,3,4,534,Loyal Customers,Cluster 3,332.4525389802796,Q1 (Low)
13341,2011-03-31,6,1,775.85,5,3,4,534,Loyal Customers,Cluster 3,332.4525389802796,Q1 (Low)
13357,2011-03-31,3,1,609.4,5,3,4,534,Loyal Customers,Cluster 3,335.50434819044534,Q1 (Low)
18071,2011-03-31,3,2,453.0,5,4,3,543,Champions,Cluster 3,429.4852211128871,Q1 (Low)
17917,2011-03-31,2,2,226.71,5,4,2,542,Champions,Cluster 3,486.9285775302376,Q1 (Low)
13649,2011-03-31,2,2,346.6,5,4,3,543,Champions,Cluster 3,400.0574704549959,Q1 (Low)
17438,2011-03-31,0,1,388.45,5,3,3,533,Loyal Customers,Cluster 3,339.6616680140818,Q1 (Low)
15832,2011-03-31,0,1,836.79,5,3,4,534,Loyal Customers,Cluster 3,338.6127084784161,Q1 (Low)
15894,2011-03-31,0,2,257.6,5,4,2,542,Champions,Cluster 3,371.1475550193327,Q1 (Low)
14479,2011-03-31,0,2,316.25,5,4,3,543,Champions,Cluster 3,396.62856940964895,Q1 (Low)
15424,2011-03-31,0,2,383.34,5,4,3,543,Champions,Cluster 3,338.6127084784161,Q1 (Low)
17616,2011-03-31,0,2,408.0,5,4,3,543,Champions,Cluster 3,491.9052673289251,Q1 (Low)
18037,2011-03-31,0,3,43.45,5,4,1,541,Champions,Cluster 3,381.26973702582626,Q1 (Low)
14570,2011-04-30,56,2,217.21,3,3,2,332,Loyal Customers,Cluster 1,313.4449139024189,Q1 (Low)
14670,2011-04-30,56,2,392.86,3,4,3,343,Loyal Customers,Cluster 1,313.4449139024189,Q1 (Low)
14779,2011-04-30,56,3,386.15,3,4,3,343,Loyal Customers,Cluster 0,448.11702838568414,Q1 (Low)
15869,2011-04-30,53,2,149.64,3,3,1,331,Loyal Customers,Cluster 1,316.15629369210825,Q1 (Low)
17817,2011-04-30,53,2,269.7,3,3,2,332,Loyal Customers,Cluster 1,479.67631403754166,Q1 (Low)
16917,2011-04-30,52,1,391.52,3,3,3,333,Loyal Customers,Cluster 1,317.07054160851413,Q1 (Low)
17138,2011-04-30,51,1,380.5,3,3,3,333,Loyal Customers,Cluster 1,317.9900926576062,Q1 (Low)
14603,2011-04-30,50,1,660.0,3,3,4,334,Loyal Customers,Cluster 1,318.9149931168783,Q1 (Low)
13043,2011-04-30,49,1,516.42,3,3,3,333,Loyal Customers,Cluster 1,319.845289803876,Q1 (Low)
13133,2011-04-30,49,2,109.8,3,3,1,331,Loyal Customers,Cluster 1,397.7585384434525,Q1 (Low)
14114,2011-04-30,49,2,386.53,3,4,3,343,Loyal Customers,Cluster 1,464.28092515483695,Q1 (Low)
16766,2011-04-30,49,2,1145.6,3,4,5,345,Loyal Customers,Cluster 0,319.845289803876,Q1 (Low)
17816,2011-04-30,45,2,21.31,3,3,1,331,Loyal Customers,Cluster 1,355.0681147949577,Q1 (Low)
13358,2011-04-30,44,1,439.03,3,3,3,333,Loyal Customers,Cluster 1,324.5793940787449,Q1 (Low)
16152,2011-04-30,44,1,1829.04,3,3,5,335,Loyal Customers,Cluster 0,324.5793940787449,Q1 (Low)
13261,2011-04-30,44,2,944.1,3,4,4,344,Loyal Customers,Cluster 0,450.3592544479498,Q1 (Low)
16377,2011-04-30,43,1,676.2,3,3,4,334,Loyal Customers,Cluster 1,325.54308255594214,Q1 (Low)
16216,2011-04-30,43,1,914.93,3,3,4,334,Loyal Customers,Cluster 0,325.54308255594214,Q1 (Low)
16256,2011-04-30,42,1,752.43,3,3,4,334,Loyal Customers,Cluster 0,326.51251078632276,Q1 (Low)
15695,2011-04-30,42,2,409.98,3,4,3,343,Loyal Customers,Cluster 0,326.51251078632276,Q1 (Low)
16716,2011-04-30,42,2,901.2,3,4,4,344,Loyal Customers,Cluster 0,469.5103427613294,Q1 (Low)
16402,2011-04-30,40,2,293.45,3,3,2,332,Loyal Customers,Cluster 1,359.1264872099308,Q1 (Low)
13934,2011-04-30,39,1,922.1,3,3,4,334,Loyal Customers,Cluster 0,329.45575143126223,Q1 (Low)
16427,2011-04-30,39,2,241.06,3,3,2,332,Loyal Customers,Cluster 1,476.8532498142305,Q1 (Low)
16135,2011-04-30,38,1,517.55,3,3,3,333,Loyal Customers,Cluster 1,330.4486592283108,Q1 (Low)
17486,2011-04-30,37,1,396.87,3,3,3,333,Loyal Customers,Cluster 1,331.44757020775677,Q1 (Low)
16250,2011-04-30,37,2,389.44,3,4,3,343,Loyal Customers,Cluster 0,402.6995758873606,Q1 (Low)
14348,2011-04-30,36,1,409.57,3,3,3,333,Loyal Customers,Cluster 1,332.4525389802796,Q1 (Low)
16022,2011-04-30,36,1,602.63,3,3,4,334,Loyal Customers,Cluster 3,332.4525389802796,Q1 (Low)
13341,2011-04-30,36,1,775.85,3,3,4,334,Loyal Customers,Cluster 0,332.4525389802796,Q1 (Low)
13357,2011-04-30,33,1,609.4,3,3,4,334,Loyal Customers,Cluster 3,335.50434819044534,Q1 (Low)
18071,2011-04-30,33,2,453.0,3,4,3,343,Loyal Customers,Cluster 0,429.4852211128871,Q1 (Low)
17917,2011-04-30,32,2,226.71,3,3,2,332,Loyal Customers,Cluster 1,486.9285775302376,Q1 (Low)
13649,2011-04-30,32,2,346.6,3,3,3,333,Loyal Customers,Cluster 3,400.0574704549959,Q1 (Low)
15832,2011-04-30,30,1,836.79,4,3,4,434,Loyal Customers,Cluster 3,338.6127084784161,Q1 (Low)
15424,2011-04-30,30,2,383.34,4,4,3,443,Champions,Cluster 3,338.6127084784161,Q1 (Low)
17616,2011-04-30,30,2,408.0,4,4,3,443,Champions,Cluster 3,491.9052673289251,Q1 (Low)
17438,2011-04-30,29,1,388.45,4,3,3,433,Loyal Customers,Cluster 3,339.6616680140818,Q1 (Low)
15894,2011-04-30,29,2,257.6,4,3,2,432,Loyal Customers,Cluster 3,371.1475550193327,Q1 (Low)
14479,2011-04-30,29,2,316.25,4,3,2,432,Loyal Customers,Cluster 3,396.62856940964895,Q1 (Low)
17701,2011-04-30,28,1,417.95,4,3,3,433,Loyal Customers,Cluster 3,340.71714702293195,Q1 (Low)
17580,2011-04-30,28,3,212.77,4,4,2,442,Champions,Cluster 3,445.8636342605289,Q1 (Low)
16142,2011-04-30,25,1,535.34,4,3,3,433,Loyal Customers,Cluster 3,343.9233144295753,Q1 (Low)
17492,2011-04-30,24,1,374.57,4,3,3,433,Loyal Customers,Cluster 3,345.0054887337024,Q1 (Low)
16586,2011-04-30,24,1,463.95,4,3,3,433,Loyal Customers,Cluster 3,345.0054887337024,Q1 (Low)
15442,2011-04-30,24,1,594.0,4,3,4,434,Loyal Customers,Cluster 3,345.0054887337024,Q1 (Low)
17140,2011-04-30,23,1,454.12,4,3,3,433,Loyal Customers,Cluster 3,346.09449511650837,Q1 (Low)
17440,2011-04-30,23,2,124.62,4,3,1,431,Loyal Customers,Cluster 3,475.5347798490501,Q1 (Low)
17869,2011-04-30,22,2,305.41,4,3,2,432,Loyal Customers,Cluster 3,486.6917581034353,Q1 (Low)
14619,2011-04-30,21,1,394.44,4,3,3,433,Loyal Customers,Cluster 3,348.2932645708255,Q1 (Low)
15109,2011-04-30,21,1,484.95,4,3,3,433,Loyal Customers,Cluster 3,348.2932645708255,Q1 (Low)
16643,2011-04-30,21,1,487.51,4,3,3,433,Loyal Customers,Cluster 3,348.2932645708255,Q1 (Low)
17035,2011-04-30,21,2,433.53,4,4,3,443,Champions,Cluster 3,475.4750844215476,Q1 (Low)
15655,2011-04-30,19,1,560.67,4,3,3,433,Loyal Customers,Cluster 3,350.5201520252036,Q1 (Low)
12982,2011-04-30,18,1,390.54,4,3,3,433,Loyal Customers,Cluster 3,351.6443091009651,Q1 (Low)
16552,2011-04-30,18,2,379.73,4,4,3,443,Champions,Cluster 3,477.9830652572145,Q1 (Low)
14616,2011-04-30,18,3,406.08,4,4,3,443,Champions,Cluster 3,493.9071358089276,Q1 (Low)
15147,2011-04-30,16,1,623.5,4,3,4,434,Loyal Customers,Cluster 3,353.91439578920443,Q1 (Low)
13122,2011-04-30,16,1,903.67,4,3,4,434,Loyal Customers,Cluster 3,448.5856372788562,Q1 (Low)
17142,2011-04-30,15,1,579.0,5,3,4,534,Loyal Customers,Cluster 3,355.0604664256764,Q1 (Low)
14105,2011-04-30,15,1,1266.23,5,3,5,535,Loyal Customers,Cluster 3,355.0604664256764,Q1 (Low)
15139,2011-04-30,15,2,178.96,5,3,1,531,Loyal Customers,Cluster 3,367.5031577394227,Q1 (Low)
17362,2011-04-30,15,2,312.23,5,3,2,532,Loyal Customers,Cluster 3,469.59158305351343,Q1 (Low)
15230,2011-04-30,15,2,429.6,5,4,3,543,Champions,Cluster 3,480.3332535515357,Q1 (Low)
14154,2011-04-30,15,2,1345.62,5,4,5,545,Champions,Cluster 0,355.0604664256764,Q1 (Low)
17572,2011-04-30,14,2,152.2,5,3,1,531,Loyal Customers,Cluster 3,441.6827485493468,Q1 (Low)
16947,2011-04-30,11,1,406.48,5,3,3,533,Loyal Customers,Cluster 3,359.7199527218366,Q1 (Low)
16217,2011-04-30,11,2,304.25,5,3,2,532,Loyal Customers,Cluster 3,473.28028153324186,Q1 (Low)
15225,2011-04-30,10,1,409.4,5,3,3,533,Loyal Customers,Cluster 3,360.9039965767817,Q1 (Low)
14242,2011-04-30,10,2,280.55,5,3,2,532,Loyal Customers,Cluster 3,436.9753278816792,Q1 (Low)
13485,2011-04-30,9,1,454.24,5,3,3,533,Loyal Customers,Cluster 3,362.0958613156415,Q1 (Low)
16834,2011-04-30,3,1,413.46,5,3,3,533,Loyal Customers,Cluster 3,369.4157155779481,Q1 (Low)
15891,2011-04-30,2,1,509.13,5,3,3,533,Loyal Customers,Cluster 3,370.66456259102654,Q1 (Low)
14022,2011-04-30,1,1,440.0,5,3,3,533,Loyal Customers,Cluster 3,371.92188241809527,Q1 (Low)
18037,2011-04-30,1,5,60.82,5,5,1,551,Champions,Cluster 3,381.26973702582626,Q1 (Low)
17917,2011-05-31,63,2,226.71,3,3,2,332,Loyal Customers,Cluster 1,486.9285775302376,Q1 (Low)
13649,2011-05-31,63,2,346.6,3,3,3,333,Loyal Customers,Cluster 1,400.0574704549959,Q1 (Low)
15832,2011-05-31,61,1,836.79,3,3,4,334,Loyal Customers,Cluster 0,338.6127084784161,Q1 (Low)
15424,2011-05-31,61,2,383.34,3,3,3,333,Loyal Customers,Cluster 1,338.6127084784161,Q1 (Low)
17616,2011-05-31,61,2,408.0,3,3,3,333,Loyal Customers,Cluster 1,491.9052673289251,Q1 (Low)
15894,2011-05-31,60,2,257.6,3,3,2,332,Loyal Customers,Cluster 1,371.1475550193327,Q1 (Low)
14479,2011-05-31,60,2,316.25,3,3,2,332,Loyal Customers,Cluster 1,396.62856940964895,Q1 (Low)
17580,2011-05-31,59,3,212.77,3,4,2,342,Loyal Customers,Cluster 1,445.8636342605289,Q1 (Low)
16142,2011-05-31,56,1,535.34,3,3,3,333,Loyal Customers,Cluster 1,343.9233144295753,Q1 (Low)
16586,2011-05-31,55,1,463.95,3,3,3,333,Loyal Customers,Cluster 1,345.0054887337024,Q1 (Low)
15442,2011-05-31,55,1,594.0,3,3,3,333,Loyal Customers,Cluster 1,345.0054887337024,Q1 (Low)
17140,2011-05-31,54,1,454.12,3,3,3,333,Loyal Customers,Cluster 1,346.09449511650837,Q1 (Low)
17440,2011-05-31,54,2,124.62,3,3,1,331,Loyal Customers,Cluster 1,475.5347798490501,Q1 (Low)
15109,2011-05-31,52,1,484.95,3,3,3,333,Loyal Customers,Cluster 1,348.2932645708255,Q1 (Low)
16643,2011-05-31,52,1,487.51,3,3,3,333,Loyal Customers,Cluster 1,348.2932645708255,Q1 (Low)
17035,2011-05-31,52,2,433.53,3,3,3,333,Loyal Customers,Cluster 0,475.4750844215476,Q1 (Low)
15655,2011-05-31,50,1,560.67,3,3,3,333,Loyal Customers,Cluster 1,350.5201520252036,Q1 (Low)
16552,2011-05-31,49,2,379.73,3,3,3,333,Loyal Customers,Cluster 1,477.9830652572145,Q1 (Low)
14616,2011-05-31,49,3,406.08,3,4,3,343,Loyal Customers,Cluster 0,493.9071358089276,Q1 (Low)
15147,2011-05-31,47,1,623.5,3,3,4,334,Loyal Customers,Cluster 1,353.91439578920443,Q1 (Low)
13122,2011-05-31,47,1,903.67,3,3,4,334,Loyal Customers,Cluster 0,448.5856372788562,Q1 (Low)
17142,2011-05-31,46,1,579.0,3,3,3,333,Loyal Customers,Cluster 1,355.0604664256764,Q1 (Low)
14105,2011-05-31,46,1,1266.23,3,3,5,335,Loyal Customers,Cluster 0,355.0604664256764,Q1 (Low)
15139,2011-05-31,46,2,178.96,3,3,1,331,Loyal Customers,Cluster 1,367.5031577394227,Q1 (Low)
17362,2011-05-31,46,2,312.23,3,3,2,332,Loyal Customers,Cluster 1,469.59158305351343,Q1 (Low)
15230,2011-05-31,46,2,429.6,3,3,3,333,Loyal Customers,Cluster 0,480.3332535515357,Q1 (Low)
14154,2011-05-31,46,2,1345.62,3,4,5,345,Loyal Customers,Cluster 0,355.0604664256764,Q1 (Low)
17572,2011-05-31,45,2,152.2,3,3,1,331,Loyal Customers,Cluster 1,441.6827485493468,Q1 (Low)
16217,2011-05-31,42,2,304.25,3,3,2,332,Loyal Customers,Cluster 1,473.28028153324186,Q1 (Low)
14242,2011-05-31,41,2,280.55,3,3,2,332,Loyal Customers,Cluster 1,436.9753278816792,Q1 (Low)
13485,2011-05-31,40,1,454.24,3,3,3,333,Loyal Customers,Cluster 1,362.0958613156415,Q1 (Low)
15891,2011-05-31,33,1,509.13,3,3,3,333,Loyal Customers,Cluster 3,370.66456259102654,Q1 (Low)
14022,2011-05-31,32,1,440.0,4,3,3,433,Loyal Customers,Cluster 3,371.92188241809527,Q1 (Low)
18037,2011-05-31,32,5,60.82,4,5,1,451,Champions,Cluster 1,381.26973702582626,Q1 (Low)
16634,2011-05-31,29,2,217.9,4,3,2,432,Loyal Customers,Cluster 3,335.57792299125765,Q1 (Low)
14149,2011-05-31,27,1,446.62,4,3,3,433,Loyal Customers,Cluster 3,378.33864388606065,Q1 (Low)
17501,2011-05-31,27,2,288.6,4,3,2,432,Loyal Customers,Cluster 3,378.33864388606065,Q1 (Low)
14697,2011-05-31,25,2,188.61,4,3,1,431,Loyal Customers,Cluster 3,380.96777950476974,Q1 (Low)
13711,2011-05-31,25,2,252.06,4,3,2,432,Loyal Customers,Cluster 3,380.96777950476974,Q1 (Low)
15759,2011-05-31,25,3,253.04,4,4,2,442,Champions,Cluster 3,440.2709285942383,Q1 (Low)
16714,2011-05-31,25,3,1129.06,4,4,4,444,Champions,Cluster 0,356.01278380343166,Q1 (Low)
17604,2011-05-31,24,2,309.36,4,3,2,432,Loyal Customers,Cluster 3,474.2229150817485,Q1 (Low)
15092,2011-05-31,22,2,457.81,4,3,3,433,Loyal Customers,Cluster 3,482.9806887626882,Q1 (Low)
17869,2011-05-31,22,3,310.96,4,4,2,442,Champions,Cluster 3,486.6917581034353,Q1 (Low)
12888,2011-05-31,21,2,354.12,4,3,3,433,Loyal Customers,Cluster 3,479.1233969045147,Q1 (Low)
17597,2011-05-31,20,1,2044.37,4,3,5,435,Loyal Customers,Cluster 0,387.7033195430155,Q1 (Low)
18133,2011-05-31,19,1,931.5,4,3,4,434,Loyal Customers,Cluster 3,389.0791110354899,Q1 (Low)
13235,2011-05-31,19,1,1031.07,4,3,4,434,Loyal Customers,Cluster 3,389.0791110354899,Q1 (Low)
17889,2011-05-31,19,2,201.37,4,3,2,432,Loyal Customers,Cluster 3,412.4971498387642,Q1 (Low)
15732,2011-05-31,19,2,294.12,4,3,2,432,Loyal Customers,Cluster 3,399.5887570401586,Q1 (Low)
14920,2011-05-31,19,2,977.77,4,4,4,444,Champions,Cluster 0,389.0791110354899,Q1 (Low)
17970,2011-05-31,18,1,562.79,4,3,3,433,Loyal Customers,Cluster 3,390.4647020601996,Q1 (Low)
16116,2011-05-31,18,1,612.78,4,3,4,434,Loyal Customers,Cluster 3,390.4647020601996,Q1 (Low)
14000,2011-05-31,18,1,635.66,4,3,4,434,Loyal Customers,Cluster 3,390.4647020601996,Q1 (Low)
12976,2011-05-31,18,1,738.6,4,3,4,434,Loyal Customers,Cluster 3,390.4647020601996,Q1 (Low)
13837,2011-05-31,18,2,266.59,4,3,2,432,Loyal Customers,Cluster 3,457.180863336686,Q1 (Low)
14873,2011-05-31,17,1,519.68,4,3,3,433,Loyal Customers,Cluster 3,391.86019769730353,Q1 (Low)
15333,2011-05-31,15,1,1028.56,4,3,4,434,Loyal Customers,Cluster 3,394.6813306955208,Q1 (Low)
14489,2011-05-31,14,1,463.38,4,3,3,433,Loyal Customers,Cluster 3,396.1071858651956,Q1 (Low)
18043,2011-05-31,13,2,421.59,4,3,3,433,Loyal Customers,Cluster 3,491.63492828716466,Q1 (Low)
14320,2011-05-31,13,2,477.79,4,3,3,433,Loyal Customers,Cluster 3,418.239068449407,Q1 (Low)
13572,2011-05-31,12,1,1384.25,5,3,5,535,Loyal Customers,Cluster 3,398.9900299578942,Q1 (Low)
13531,2011-05-31,12,2,483.8,5,3,3,533,Loyal Customers,Cluster 3,419.1852306594297,Q1 (Low)
12897,2011-05-31,11,2,216.5,5,3,2,532,Loyal Customers,Cluster 3,425.214034527388,Q1 (Low)
14896,2011-05-31,11,2,468.77,5,3,3,533,Loyal Customers,Cluster 3,441.11444825070294,Q1 (Low)
13243,2011-05-31,10,1,585.12,5,3,3,533,Loyal Customers,Cluster 3,401.91514664403826,Q1 (Low)
18048,2011-05-31,10,2,172.29,5,3,1,531,Loyal Customers,Cluster 3,401.91514664403826,Q1 (Low)
15724,2011-05-31,8,2,218.25,5,3,2,532,Loyal Customers,Cluster 3,466.3882736202169,Q1 (Low)
13339,2011-05-31,7,1,860.12,5,3,4,534,Loyal Customers,Cluster 3,406.3841394426076,Q1 (Low)
16763,2011-05-31,5,1,611.85,5,3,4,534,Loyal Customers,Cluster 3,409.4190970115675,Q1 (Low)
14985,2011-05-31,5,2,292.01,5,3,2,532,Loyal Customers,Cluster 3,423.1259446514583,Q1 (Low)
15882,2011-05-31,5,4,514.08,5,5,3,553,Champions,Cluster 3,396.43655310877546,Q1 (Low)
16275,2011-05-31,3,1,559.87,5,3,3,533,Loyal Customers,Cluster 3,412.4997299568928,Q1 (Low)
13135,2011-05-31,3,1,3096.0,5,3,5,535,Loyal Customers,Cluster 3,412.4997299568928,Q1 (Low)
15897,2011-05-31,1,2,208.59,5,3,2,532,Loyal Customers,Cluster 3,415.6270772585046,Q1 (Low)
13398,2011-05-31,0,1,457.34,5,3,3,533,Loyal Customers,Cluster 3,418.8022096502126,Q1 (Low)
18190,2011-05-31,0,2,284.46,5,3,2,532,Loyal Customers,Cluster 3,412.0205803802498,Q1 (Low)
16217,2011-06-30,72,2,304.25,3,3,2,332,Loyal Customers,Cluster 1,473.28028153324186,Q1 (Low)
14242,2011-06-30,71,2,280.55,3,3,2,332,Loyal Customers,Cluster 1,436.9753278816792,Q1 (Low)
15891,2011-06-30,63,1,509.13,3,3,3,333,Loyal Customers,Cluster 1,370.66456259102654,Q1 (Low)
18037,2011-06-30,62,5,60.82,3,5,1,351,Loyal Customers,Cluster 1,381.26973702582626,Q1 (Low)
16634,2011-06-30,59,2,217.9,3,3,2,332,Loyal Customers,Cluster 1,335.57792299125765,Q1 (Low)
17501,2011-06-30,57,2,288.6,3,3,2,332,Loyal Customers,Cluster 1,378.33864388606065,Q1 (Low)
14697,2011-06-30,55,2,188.61,3,3,1,331,Loyal Customers,Cluster 1,380.96777950476974,Q1 (Low)
13711,2011-06-30,55,2,252.06,3,3,2,332,Loyal Customers,Cluster 1,380.96777950476974,Q1 (Low)
15759,2011-06-30,55,3,253.04,3,4,2,342,Loyal Customers,Cluster 1,440.2709285942383,Q1 (Low)
16714,2011-06-30,55,3,1129.06,3,4,4,344,Loyal Customers,Cluster 0,356.01278380343166,Q1 (Low)
17604,2011-06-30,54,2,309.36,3,3,2,332,Loyal Customers,Cluster 1,474.2229150817485,Q1 (Low)
15092,2011-06-30,52,2,457.81,3,3,3,333,Loyal Customers,Cluster 0,482.9806887626882,Q1 (Low)
17869,2011-06-30,52,3,310.96,3,4,2,342,Loyal Customers,Cluster 0,486.6917581034353,Q1 (Low)
12888,2011-06-30,51,2,354.12,3,3,3,333,Loyal Customers,Cluster 1,479.1233969045147,Q1 (Low)
17597,2011-06-30,50,1,2044.37,3,3,5,335,Loyal Customers,Cluster 0,387.7033195430155,Q1 (Low)
18133,2011-06-30,49,1,931.5,3,3,4,334,Loyal Customers,Cluster 0,389.0791110354899,Q1 (Low)
13235,2011-06-30,49,1,1031.07,3,3,4,334,Loyal Customers,Cluster 0,389.0791110354899,Q1 (Low)
17889,2011-06-30,49,2,201.37,3,3,2,332,Loyal Customers,Cluster 1,412.4971498387642,Q1 (Low)
15732,2011-06-30,49,2,294.12,3,3,2,332,Loyal Customers,Cluster 1,399.5887570401586,Q1 (Low)
14920,2011-06-30,49,2,977.77,3,4,4,344,Loyal Customers,Cluster 0,389.0791110354899,Q1 (Low)
17970,2011-06-30,48,1,562.79,3,3,3,333,Loyal Customers,Cluster 1,390.4647020601996,Q1 (Low)
16116,2011-06-30,48,1,612.78,3,3,3,333,Loyal Customers,Cluster 1,390.4647020601996,Q1 (Low)
14000,2011-06-30,48,1,635.66,3,3,3,333,Loyal Customers,Cluster 1,390.4647020601996,Q1 (Low)
12976,2011-06-30,48,1,738.6,3,3,4,334,Loyal Customers,Cluster 1,390.4647020601996,Q1 (Low)
13837,2011-06-30,48,2,266.59,3,3,2,332,Loyal Customers,Cluster 1,457.180863336686,Q1 (Low)
14873,2011-06-30,47,1,519.68,3,3,3,333,Loyal Customers,Cluster 1,391.86019769730353,Q1 (Low)
15333,2011-06-30,45,1,1028.56,3,3,4,334,Loyal Customers,Cluster 0,394.6813306955208,Q1 (Low)
18043,2011-06-30,43,2,421.59,3,3,3,333,Loyal Customers,Cluster 0,491.63492828716466,Q1 (Low)
14320,2011-06-30,43,2,477.79,3,3,3,333,Loyal Customers,Cluster 0,418.239068449407,Q1 (Low)
13572,2011-06-30,42,1,1384.25,3,3,5,335,Loyal Customers,Cluster 0,398.9900299578942,Q1 (Low)
13531,2011-06-30,42,2,483.8,3,3,3,333,Loyal Customers,Cluster 0,419.1852306594297,Q1 (Low)
12897,2011-06-30,41,2,216.5,3,3,2,332,Loyal Customers,Cluster 1,425.214034527388,Q1 (Low)
14896,2011-06-30,41,2,468.77,3,3,3,333,Loyal Customers,Cluster 0,441.11444825070294,Q1 (Low)
13243,2011-06-30,40,1,585.12,3,3,3,333,Loyal Customers,Cluster 1,401.91514664403826,Q1 (Low)
18048,2011-06-30,40,2,172.29,3,3,1,331,Loyal Customers,Cluster 1,401.91514664403826,Q1 (Low)
15724,2011-06-30,38,2,218.25,4,3,2,432,Loyal Customers,Cluster 1,466.3882736202169,Q1 (Low)
13339,2011-06-30,37,1,860.12,4,3,4,434,Loyal Customers,Cluster 0,406.3841394426076,Q1 (Low)
16763,2011-06-30,35,1,611.85,4,3,3,433,Loyal Customers,Cluster 3,409.4190970115675,Q1 (Low)
14985,2011-06-30,35,2,292.01,4,3,2,432,Loyal Customers,Cluster 1,423.1259446514583,Q1 (Low)
15882,2011-06-30,35,4,514.08,4,4,3,443,Champions,Cluster 0,396.43655310877546,Q1 (Low)
16275,2011-06-30,33,1,559.87,4,3,3,433,Loyal Customers,Cluster 3,412.4997299568928,Q1 (Low)
13135,2011-06-30,33,1,3096.0,4,3,5,435,Loyal Customers,Cluster 0,412.4997299568928,Q1 (Low)
15897,2011-06-30,31,2,208.59,4,3,2,432,Loyal Customers,Cluster 3,415.6270772585046,Q1 (Low)
18190,2011-06-30,29,2,284.46,4,3,2,432,Loyal Customers,Cluster 3,412.0205803802498,Q1 (Low)
17900,2011-06-30,27,2,112.2,4,3,1,431,Loyal Customers,Cluster 1,422.02623084220903,Q1 (Low)
17708,2011-06-30,24,2,263.33,4,3,2,432,Loyal Customers,Cluster 3,448.62294192972206,Q1 (Low)
16883,2011-06-30,24,2,272.48,4,3,2,432,Loyal Customers,Cluster 3,393.44305607220474,Q1 (Low)
16462,2011-06-30,22,2,68.0,4,3,1,431,Loyal Customers,Cluster 3,490.84515158197246,Q1 (Low)
17707,2011-06-30,22,2,152.4,4,3,1,431,Loyal Customers,Cluster 3,376.0336917582098,Q1 (Low)
17026,2011-06-30,22,2,154.83,4,3,1,431,Loyal Customers,Cluster 3,380.9924351572786,Q1 (Low)
14501,2011-06-30,20,2,251.21,4,3,2,432,Loyal Customers,Cluster 3,474.0338663736812,Q1 (Low)
16614,2011-06-30,19,1,506.19,4,3,3,433,Loyal Customers,Cluster 3,435.4345053447617,Q1 (Low)
15098,2011-06-30,19,3,39916.5,4,4,5,445,Champions,Cluster 2,435.4345053447617,Q1 (Low)
15069,2011-06-30,16,1,1109.53,4,3,4,434,Loyal Customers,Cluster 3,440.6849274111822,Q1 (Low)
14222,2011-06-30,14,1,683.17,5,3,4,534,Loyal Customers,Cluster 3,444.2561273196919,Q1 (Low)
16276,2011-06-30,13,1,810.6,5,3,4,534,Loyal Customers,Cluster 3,446.0635222413152,Q1 (Low)
17446,2011-06-30,13,2,120.9,5,3,1,531,Loyal Customers,Cluster 3,390.2561173584614,Q1 (Low)
14037,2011-06-30,13,2,147.2,5,3,1,531,Loyal Customers,Cluster 3,330.7956648341916,Q1 (Low)
14491,2011-06-30,12,2,340.93,5,3,2,532,Loyal Customers,Cluster 3,435.6832746335562,Q1 (Low)
14162,2011-06-30,10,2,289.36,5,3,2,532,Loyal Customers,Cluster 3,454.29234581355337,Q1 (Low)
16805,2011-06-30,10,2,460.59,5,3,3,533,Loyal Customers,Cluster 3,468.33490193240857,Q1 (Low)
17616,2011-06-30,10,3,571.2,5,4,3,543,Champions,Cluster 3,491.9052673289251,Q1 (Low)
15389,2011-06-30,9,1,500.0,5,3,3,533,Loyal Customers,Cluster 3,453.4426086562356,Q1 (Low)
15825,2011-06-30,9,1,532.94,5,3,3,533,Loyal Customers,Cluster 3,453.4426086562356,Q1 (Low)
15076,2011-06-30,9,1,880.85,5,3,4,534,Loyal Customers,Cluster 3,453.4426086562356,Q1 (Low)
17969,2011-06-30,3,2,228.2,5,3,2,532,Loyal Customers,Cluster 3,376.2336625968993,Q1 (Low)
13656,2011-06-30,1,2,379.65,5,3,3,533,Loyal Customers,Cluster 3,475.3168845677158,Q1 (Low)
16473,2011-06-30,1,3,316.11,5,4,2,542,Champions,Cluster 3,472.92609399399873,Q1 (Low)
18133,2011-07-31,80,1,931.5,3,3,4,334,Loyal Customers,Cluster 0,389.0791110354899,Q1 (Low)
13235,2011-07-31,80,1,1031.07,3,3,4,334,Loyal Customers,Cluster 0,389.0791110354899,Q1 (Low)
17889,2011-07-31,80,2,201.37,3,3,2,332,Loyal Customers,Cluster 1,412.4971498387642,Q1 (Low)
15732,2011-07-31,80,2,294.12,3,3,2,332,Loyal Customers,Cluster 1,399.5887570401586,Q1 (Low)
14920,2011-07-31,80,2,977.77,3,4,4,344,Loyal Customers,Cluster 0,389.0791110354899,Q1 (Low)
12976,2011-07-31,79,1,738.6,3,3,4,334,Loyal Customers,Cluster 1,390.4647020601996,Q1 (Low)
13837,2011-07-31,79,2,266.59,3,3,2,332,Loyal Customers,Cluster 1,457.180863336686,Q1 (Low)
15333,2011-07-31,76,1,1028.56,3,3,4,334,Loyal Customers,Cluster 0,394.6813306955208,Q1 (Low)
18043,2011-07-31,74,2,421.59,3,3,3,333,Loyal Customers,Cluster 1,491.63492828716466,Q1 (Low)
14320,2011-07-31,74,2,477.79,3,3,3,333,Loyal Customers,Cluster 0,418.239068449407,Q1 (Low)
13572,2011-07-31,73,1,1384.25,3,3,4,334,Loyal Customers,Cluster 0,398.9900299578942,Q1 (Low)
13531,2011-07-31,73,2,483.8,3,3,3,333,Loyal Customers,Cluster 0,419.1852306594297,Q1 (Low)
12897,2011-07-31,72,2,216.5,3,3,2,332,Loyal Customers,Cluster 1,425.214034527388,Q1 (Low)
14896,2011-07-31,72,2,468.77,3,3,3,333,Loyal Customers,Cluster 0,441.11444825070294,Q1 (Low)
18048,2011-07-31,71,2,172.29,3,3,1,331,Loyal Customers,Cluster 1,401.91514664403826,Q1 (Low)
15724,2011-07-31,69,2,218.25,3,3,2,332,Loyal Customers,Cluster 1,466.3882736202169,Q1 (Low)
13339,2011-07-31,68,1,860.12,3,3,4,334,Loyal Customers,Cluster 1,406.3841394426076,Q1 (Low)
14985,2011-07-31,66,2,292.01,3,3,2,332,Loyal Customers,Cluster 1,423.1259446514583,Q1 (Low)
15882,2011-07-31,66,4,514.08,3,4,3,343,Loyal Customers,Cluster 0,396.43655310877546,Q1 (Low)
13135,2011-07-31,64,1,3096.0,3,3,5,335,Loyal Customers,Cluster 0,412.4997299568928,Q1 (Low)
15897,2011-07-31,62,2,208.59,3,3,2,332,Loyal Customers,Cluster 1,415.6270772585046,Q1 (Low)
18190,2011-07-31,60,2,284.46,3,3,2,332,Loyal Customers,Cluster 1,412.0205803802498,Q1 (Low)
17900,2011-07-31,58,2,112.2,3,3,1,331,Loyal Customers,Cluster 1,422.02623084220903,Q1 (Low)
17708,2011-07-31,55,2,263.33,3,3,2,332,Loyal Customers,Cluster 1,448.62294192972206,Q1 (Low)
16883,2011-07-31,55,2,272.48,3,3,2,332,Loyal Customers,Cluster 1,393.44305607220474,Q1 (Low)
16462,2011-07-31,53,2,68.0,3,3,1,331,Loyal Customers,Cluster 1,490.84515158197246,Q1 (Low)
17707,2011-07-31,53,2,152.4,3,3,1,331,Loyal Customers,Cluster 1,376.0336917582098,Q1 (Low)
17026,2011-07-31,53,2,154.83,3,3,1,331,Loyal Customers,Cluster 1,380.9924351572786,Q1 (Low)
14501,2011-07-31,51,2,251.21,3,3,2,332,Loyal Customers,Cluster 1,474.0338663736812,Q1 (Low)
15098,2011-07-31,50,3,39916.5,3,4,5,345,Loyal Customers,Cluster 2,435.4345053447617,Q1 (Low)
15069,2011-07-31,47,1,1109.53,3,3,4,334,Loyal Customers,Cluster 0,440.6849274111822,Q1 (Low)
16276,2011-07-31,44,1,810.6,4,3,4,434,Loyal Customers,Cluster 0,446.0635222413152,Q1 (Low)
17446,2011-07-31,44,2,120.9,4,3,1,431,Loyal Customers,Cluster 1,390.2561173584614,Q1 (Low)
14037,2011-07-31,44,2,147.2,4,3,1,431,Loyal Customers,Cluster 1,330.7956648341916,Q1 (Low)
14491,2011-07-31,43,2,340.93,4,3,2,432,Loyal Customers,Cluster 1,435.6832746335562,Q1 (Low)
14162,2011-07-31,41,2,289.36,4,3,2,432,Loyal Customers,Cluster 1,454.29234581355337,Q1 (Low)
16805,2011-07-31,41,2,460.59,4,3,3,433,Loyal Customers,Cluster 0,468.33490193240857,Q1 (Low)
17616,2011-07-31,41,3,571.2,4,4,3,443,Champions,Cluster 0,491.9052673289251,Q1 (Low)
15076,2011-07-31,40,1,880.85,4,3,4,434,Loyal Customers,Cluster 0,453.4426086562356,Q1 (Low)
17969,2011-07-31,34,2,228.2,4,3,2,432,Loyal Customers,Cluster 1,376.2336625968993,Q1 (Low)
13656,2011-07-31,32,2,379.65,4,3,3,433,Loyal Customers,Cluster 3,475.3168845677158,Q1 (Low)
16473,2011-07-31,32,3,316.11,4,4,2,442,Champions,Cluster 0,472.92609399399873,Q1 (Low)
17988,2011-07-31,29,2,78.36,4,3,1,431,Loyal Customers,Cluster 1,488.983789828619,Q1 (Low)
15483,2011-07-31,29,4,225.26,4,4,2,442,Champions,Cluster 0,491.6040443402207,Q1 (Low)
17781,2011-07-31,27,2,188.02,4,3,1,431,Loyal Customers,Cluster 3,487.2894003305198,Q1 (Low)
13085,2011-07-31,25,2,416.08,4,3,3,433,Loyal Customers,Cluster 3,470.5050497747867,Q1 (Low)
15889,2011-07-31,24,2,400.77,4,3,3,433,Loyal Customers,Cluster 3,387.6447214904272,Q1 (Low)
17440,2011-07-31,24,3,186.42,4,4,1,441,Champions,Cluster 3,475.5347798490501,Q1 (Low)
17341,2011-07-31,24,3,682.29,4,4,4,444,Champions,Cluster 0,474.5077138330919,Q1 (Low)
13583,2011-07-31,23,1,781.03,4,3,4,434,Loyal Customers,Cluster 3,487.7336327164637,Q1 (Low)
14459,2011-07-31,23,1,1837.92,4,3,5,435,Loyal Customers,Cluster 0,487.7336327164637,Q1 (Low)
15512,2011-07-31,23,2,121.0,4,3,1,431,Loyal Customers,Cluster 3,324.73268435367635,Q1 (Low)
18013,2011-07-31,23,2,187.29,4,3,1,431,Loyal Customers,Cluster 3,487.7336327164637,Q1 (Low)
13955,2011-07-31,22,2,322.96,4,3,2,432,Loyal Customers,Cluster 3,443.2651601593027,Q1 (Low)
15920,2011-07-31,22,3,163.55,4,4,1,441,Champions,Cluster 3,489.91300232021126,Q1 (Low)
18037,2011-07-31,22,6,70.02,4,5,1,451,Champions,Cluster 3,381.26973702582626,Q1 (Low)
13754,2011-07-31,19,2,282.6,4,3,2,432,Loyal Customers,Cluster 3,435.7694841094772,Q1 (Low)
12915,2011-07-31,16,2,363.65,5,3,3,533,Loyal Customers,Cluster 3,404.8825155545199,Q1 (Low)
17259,2011-07-31,16,2,581.23,5,3,3,533,Loyal Customers,Cluster 3,439.49931537074735,Q1 (Low)
14798,2011-07-31,12,2,97.4,5,3,1,531,Loyal Customers,Cluster 3,453.0269033645339,Q1 (Low)
12875,2011-07-31,11,2,343.23,5,3,2,532,Loyal Customers,Cluster 3,341.39542277556325,Q1 (Low)
15713,2011-07-31,11,2,356.7,5,3,2,532,Loyal Customers,Cluster 3,424.05222353939234,Q1 (Low)
16112,2011-07-31,11,4,195.74,5,4,1,541,Champions,Cluster 3,454.7283717720453,Q1 (Low)
13135,2011-08-31,95,1,3096.0,3,3,5,335,Loyal Customers,Cluster 0,412.4997299568928,Q1 (Low)
15897,2011-08-31,93,2,208.59,3,3,2,332,Loyal Customers,Cluster 1,415.6270772585046,Q1 (Low)
18190,2011-08-31,91,2,284.46,3,3,2,332,Loyal Customers,Cluster 1,412.0205803802498,Q1 (Low)
17900,2011-08-31,89,2,112.2,3,3,1,331,Loyal Customers,Cluster 1,422.02623084220903,Q1 (Low)
17708,2011-08-31,86,2,263.33,3,3,2,332,Loyal Customers,Cluster 1,448.62294192972206,Q1 (Low)
16883,2011-08-31,86,2,272.48,3,3,2,332,Loyal Customers,Cluster 1,393.44305607220474,Q1 (Low)
16462,2011-08-31,84,2,68.0,3,3,1,331,Loyal Customers,Cluster 1,490.84515158197246,Q1 (Low)
17707,2011-08-31,84,2,152.4,3,3,1,331,Loyal Customers,Cluster 1,376.0336917582098,Q1 (Low)
17026,2011-08-31,84,2,154.83,3,3,1,331,Loyal Customers,Cluster 1,380.9924351572786,Q1 (Low)
14501,2011-08-31,82,2,251.21,3,3,2,332,Loyal Customers,Cluster 1,474.0338663736812,Q1 (Low)
15098,2011-08-31,81,3,39916.5,3,4,5,345,Loyal Customers,Cluster 2,435.4345053447617,Q1 (Low)
15069,2011-08-31,78,1,1109.53,3,3,4,334,Loyal Customers,Cluster 0,440.6849274111822,Q1 (Low)
17446,2011-08-31,75,2,120.9,3,3,1,331,Loyal Customers,Cluster 1,390.2561173584614,Q1 (Low)
14037,2011-08-31,75,2,147.2,3,3,1,331,Loyal Customers,Cluster 1,330.7956648341916,Q1 (Low)
14491,2011-08-31,74,2,340.93,3,3,2,332,Loyal Customers,Cluster 1,435.6832746335562,Q1 (Low)
14162,2011-08-31,72,2,289.36,3,3,2,332,Loyal Customers,Cluster 1,454.29234581355337,Q1 (Low)
16805,2011-08-31,72,2,460.59,3,3,3,333,Loyal Customers,Cluster 1,468.33490193240857,Q1 (Low)
17616,2011-08-31,72,3,571.2,3,4,3,343,Loyal Customers,Cluster 0,491.9052673289251,Q1 (Low)
17969,2011-08-31,65,2,228.2,3,3,2,332,Loyal Customers,Cluster 1,376.2336625968993,Q1 (Low)
13656,2011-08-31,63,2,379.65,3,3,3,333,Loyal Customers,Cluster 1,475.3168845677158,Q1 (Low)
16473,2011-08-31,63,3,316.11,3,4,2,342,Loyal Customers,Cluster 0,472.92609399399873,Q1 (Low)
15483,2011-08-31,60,4,225.26,3,4,2,342,Loyal Customers,Cluster 0,491.6040443402207,Q1 (Low)
17781,2011-08-31,58,2,188.02,3,3,1,331,Loyal Customers,Cluster 1,487.2894003305198,Q1 (Low)
13085,2011-08-31,56,2,416.08,3,3,3,333,Loyal Customers,Cluster 1,470.5050497747867,Q1 (Low)
15889,2011-08-31,55,2,400.77,3,3,3,333,Loyal Customers,Cluster 1,387.6447214904272,Q1 (Low)
17440,2011-08-31,55,3,186.42,3,4,1,341,Loyal Customers,Cluster 1,475.5347798490501,Q1 (Low)
17341,2011-08-31,55,3,682.29,3,4,3,343,Loyal Customers,Cluster 0,474.5077138330919,Q1 (Low)
14459,2011-08-31,54,1,1837.92,3,3,5,335,Loyal Customers,Cluster 0,487.7336327164637,Q1 (Low)
15512,2011-08-31,54,2,121.0,3,3,1,331,Loyal Customers,Cluster 1,324.73268435367635,Q1 (Low)
18013,2011-08-31,54,2,187.29,3,3,1,331,Loyal Customers,Cluster 1,487.7336327164637,Q1 (Low)
13955,2011-08-31,53,2,322.96,3,3,2,332,Loyal Customers,Cluster 1,443.2651601593027,Q1 (Low)
15920,2011-08-31,53,3,163.55,3,4,1,341,Loyal Customers,Cluster 1,489.91300232021126,Q1 (Low)
18037,2011-08-31,53,6,70.02,3,5,1,351,Loyal Customers,Cluster 1,381.26973702582626,Q1 (Low)
13754,2011-08-31,50,2,282.6,3,3,2,332,Loyal Customers,Cluster 1,435.7694841094772,Q1 (Low)
12915,2011-08-31,47,2,363.65,4,3,2,432,Loyal Customers,Cluster 1,404.8825155545199,Q1 (Low)
17259,2011-08-31,47,2,581.23,4,3,3,433,Loyal Customers,Cluster 0,439.49931537074735,Q1 (Low)
14798,2011-08-31,43,2,97.4,4,3,1,431,Loyal Customers,Cluster 1,453.0269033645339,Q1 (Low)
12875,2011-08-31,42,2,343.23,4,3,2,432,Loyal Customers,Cluster 1,341.39542277556325,Q1 (Low)
15713,2011-08-31,42,2,356.7,4,3,2,432,Loyal Customers,Cluster 1,424.05222353939234,Q1 (Low)
16112,2011-08-31,42,4,195.74,4,4,1,441,Champions,Cluster 0,454.7283717720453,Q1 (Low)
16835,2011-08-31,27,2,180.85,4,3,1,431,Loyal Customers,Cluster 3,363.76383023884466,Q1 (Low)
15689,2011-08-31,18,2,254.1,5,3,2,532,Loyal Customers,Cluster 3,406.7588539146324,Q1 (Low)
17988,2011-08-31,16,5,146.0,5,5,1,551,Champions,Cluster 3,488.983789828619,Q1 (Low)
17742,2011-08-31,12,2,355.11,5,3,2,532,Loyal Customers,Cluster 3,369.04527817727984,Q1 (Low)
17256,2011-08-31,6,2,240.0,5,3,2,532,Loyal Customers,Cluster 3,431.23815066303325,Q1 (Low)
17869,2011-08-31,6,5,428.18,5,5,3,553,Champions,Cluster 3,486.6917581034353,Q1 (Low)
17189,2011-08-31,5,2,383.75,5,3,3,533,Loyal Customers,Cluster 3,412.9081107274058,Q1 (Low)
17134,2011-08-31,5,2,413.2,5,3,3,533,Loyal Customers,Cluster 3,478.6870588592747,Q1 (Low)
15483,2011-09-30,90,4,225.26,3,4,2,342,Loyal Customers,Cluster 0,491.6040443402207,Q1 (Low)
17781,2011-09-30,88,2,188.02,3,3,1,331,Loyal Customers,Cluster 1,487.2894003305198,Q1 (Low)
13085,2011-09-30,86,2,416.08,3,3,3,333,Loyal Customers,Cluster 1,470.5050497747867,Q1 (Low)
15889,2011-09-30,85,2,400.77,3,3,2,332,Loyal Customers,Cluster 1,387.6447214904272,Q1 (Low)
17440,2011-09-30,85,3,186.42,3,3,1,331,Loyal Customers,Cluster 1,475.5347798490501,Q1 (Low)
17341,2011-09-30,85,3,682.29,3,4,3,343,Loyal Customers,Cluster 0,474.5077138330919,Q1 (Low)
15512,2011-09-30,84,2,121.0,3,3,1,331,Loyal Customers,Cluster 1,324.73268435367635,Q1 (Low)
18013,2011-09-30,84,2,187.29,3,3,1,331,Loyal Customers,Cluster 1,487.7336327164637,Q1 (Low)
13955,2011-09-30,83,2,322.96,3,3,2,332,Loyal Customers,Cluster 1,443.2651601593027,Q1 (Low)
15920,2011-09-30,83,3,163.55,3,3,1,331,Loyal Customers,Cluster 1,489.91300232021126,Q1 (Low)
18037,2011-09-30,83,6,70.02,3,5,1,351,Loyal Customers,Cluster 1,381.26973702582626,Q1 (Low)
13754,2011-09-30,80,2,282.6,3,3,2,332,Loyal Customers,Cluster 1,435.7694841094772,Q1 (Low)
12915,2011-09-30,77,2,363.65,3,3,2,332,Loyal Customers,Cluster 1,404.8825155545199,Q1 (Low)
17259,2011-09-30,77,2,581.23,3,3,3,333,Loyal Customers,Cluster 0,439.49931537074735,Q1 (Low)
14798,2011-09-30,73,2,97.4,3,3,1,331,Loyal Customers,Cluster 1,453.0269033645339,Q1 (Low)
12875,2011-09-30,72,2,343.23,3,3,2,332,Loyal Customers,Cluster 1,341.39542277556325,Q1 (Low)
15713,2011-09-30,72,2,356.7,3,3,2,332,Loyal Customers,Cluster 1,424.05222353939234,Q1 (Low)
16112,2011-09-30,72,4,195.74,3,4,1,341,Loyal Customers,Cluster 1,454.7283717720453,Q1 (Low)
16835,2011-09-30,57,2,180.85,3,3,1,331,Loyal Customers,Cluster 1,363.76383023884466,Q1 (Low)
15689,2011-09-30,48,2,254.1,3,3,2,332,Loyal Customers,Cluster 1,406.7588539146324,Q1 (Low)
17988,2011-09-30,46,5,146.0,3,4,1,341,Loyal Customers,Cluster 0,488.983789828619,Q1 (Low)
17742,2011-09-30,42,2,355.11,3,3,2,332,Loyal Customers,Cluster 1,369.04527817727984,Q1 (Low)
17256,2011-09-30,36,2,240.0,4,3,2,432,Loyal Customers,Cluster 1,431.23815066303325,Q1 (Low)
17869,2011-09-30,36,5,428.18,4,4,3,443,Champions,Cluster 0,486.6917581034353,Q1 (Low)
17189,2011-09-30,35,2,383.75,4,3,2,432,Loyal Customers,Cluster 3,412.9081107274058,Q1 (Low)
17134,2011-09-30,35,2,413.2,4,3,3,433,Loyal Customers,Cluster 0,478.6870588592747,Q1 (Low)
16808,2011-09-30,28,2,288.42,4,3,2,432,Loyal Customers,Cluster 3,486.728408667565,Q1 (Low)
17339,2011-09-30,23,2,243.36,4,3,2,432,Loyal Customers,Cluster 3,423.7928406204683,Q1 (Low)
13122,2011-09-30,23,2,922.39,4,3,4,434,Loyal Customers,Cluster 0,448.5856372788562,Q1 (Low)
17786,2011-09-30,14,2,266.85,4,3,2,432,Loyal Customers,Cluster 3,462.25809491410814,Q1 (Low)
16080,2011-09-30,10,2,217.16,5,3,1,531,Loyal Customers,Cluster 3,458.8131675607375,Q1 (Low)
16777,2011-09-30,9,2,222.62,5,3,2,532,Loyal Customers,Cluster 3,450.878823138393,Q1 (Low)
14236,2011-09-30,9,2,490.86,5,3,3,533,Loyal Customers,Cluster 3,490.648416246671,Q1 (Low)
13787,2011-09-30,4,2,309.04,5,3,2,532,Loyal Customers,Cluster 3,437.0284359994627,Q1 (Low)
17674,2011-09-30,3,2,551.04,5,3,3,533,Loyal Customers,Cluster 3,463.011804857944,Q1 (Low)
16462,2011-09-30,2,3,136.0,5,3,1,531,Loyal Customers,Cluster 3,490.84515158197246,Q1 (Low)
17950,2011-09-30,1,3,482.2,5,4,3,543,Champions,Cluster 3,446.3912897797235,Q1 (Low)
17376,2011-09-30,0,2,203.2,5,3,1,531,Loyal Customers,Cluster 3,421.8369354434827,Q1 (Low)
17572,2011-09-30,0,4,226.75,5,4,2,542,Champions,Cluster 3,441.6827485493468,Q1 (Low)
15689,2011-10-31,79,2,254.1,3,3,2,332,Loyal Customers,Cluster 1,406.7588539146324,Q1 (Low)
17988,2011-10-31,77,5,146.0,3,4,1,341,Loyal Customers,Cluster 1,488.983789828619,Q1 (Low)
17742,2011-10-31,73,2,355.11,3,3,2,332,Loyal Customers,Cluster 1,369.04527817727984,Q1 (Low)
17256,2011-10-31,67,2,240.0,3,3,2,332,Loyal Customers,Cluster 1,431.23815066303325,Q1 (Low)
17869,2011-10-31,67,5,428.18,3,4,3,343,Loyal Customers,Cluster 0,486.6917581034353,Q1 (Low)
17189,2011-10-31,66,2,383.75,3,3,2,332,Loyal Customers,Cluster 1,412.9081107274058,Q1 (Low)
17134,2011-10-31,66,2,413.2,3,3,2,332,Loyal Customers,Cluster 1,478.6870588592747,Q1 (Low)
16808,2011-10-31,59,2,288.42,3,3,2,332,Loyal Customers,Cluster 1,486.728408667565,Q1 (Low)
17339,2011-10-31,54,2,243.36,3,3,2,332,Loyal Customers,Cluster 1,423.7928406204683,Q1 (Low)
13122,2011-10-31,54,2,922.39,3,3,4,334,Loyal Customers,Cluster 0,448.5856372788562,Q1 (Low)
17786,2011-10-31,45,2,266.85,3,3,2,332,Loyal Customers,Cluster 1,462.25809491410814,Q1 (Low)
16080,2011-10-31,41,2,217.16,3,3,1,331,Loyal Customers,Cluster 1,458.8131675607375,Q1 (Low)
16777,2011-10-31,40,2,222.62,3,3,1,331,Loyal Customers,Cluster 1,450.878823138393,Q1 (Low)
14236,2011-10-31,40,2,490.86,3,3,3,333,Loyal Customers,Cluster 0,490.648416246671,Q1 (Low)
13787,2011-10-31,35,2,309.04,3,3,2,332,Loyal Customers,Cluster 1,437.0284359994627,Q1 (Low)
17674,2011-10-31,34,2,551.04,4,3,3,433,Loyal Customers,Cluster 0,463.011804857944,Q1 (Low)
16462,2011-10-31,33,3,136.0,4,3,1,431,Loyal Customers,Cluster 1,490.84515158197246,Q1 (Low)
17950,2011-10-31,32,3,482.2,4,4,3,443,Champions,Cluster 0,446.3912897797235,Q1 (Low)
17572,2011-10-31,31,4,226.75,4,4,2,442,Champions,Cluster 0,441.6827485493468,Q1 (Low)
17376,2011-10-31,30,2,203.2,4,3,1,431,Loyal Customers,Cluster 3,421.8369354434827,Q1 (Low)
15579,2011-10-31,28,2,327.6,4,3,2,432,Loyal Customers,Cluster 3,444.69699793651546,Q1 (Low)
13792,2011-10-31,26,2,195.55,4,3,1,431,Loyal Customers,Cluster 3,468.3833039692467,Q1 (Low)
17816,2011-10-31,25,3,30.32,4,3,1,431,Loyal Customers,Cluster 1,355.0681147949577,Q1 (Low)
13473,2011-10-31,20,2,422.64,4,3,3,433,Loyal Customers,Cluster 3,457.3067732319674,Q1 (Low)
13666,2011-10-31,20,3,84.65,4,3,1,431,Loyal Customers,Cluster 3,391.0996567398756,Q1 (Low)
17025,2011-10-31,20,3,357.77,4,3,2,432,Loyal Customers,Cluster 3,424.5546787676281,Q1 (Low)
14761,2011-10-31,18,2,255.9,4,3,2,432,Loyal Customers,Cluster 3,439.40474929586327,Q1 (Low)
17913,2011-10-31,18,2,408.65,4,3,2,432,Loyal Customers,Cluster 3,438.5281643269289,Q1 (Low)
17181,2011-10-31,17,2,239.92,4,3,2,432,Loyal Customers,Cluster 3,354.7845529711858,Q1 (Low)
14555,2011-10-31,17,2,312.54,4,3,2,432,Loyal Customers,Cluster 3,453.4020781833417,Q1 (Low)
17771,2011-10-31,16,2,245.33,4,3,2,432,Loyal Customers,Cluster 3,431.50620547739766,Q1 (Low)
15545,2011-10-31,14,2,288.97,4,3,2,432,Loyal Customers,Cluster 3,399.57632000154706,Q1 (Low)
15012,2011-10-31,13,2,405.04,5,3,2,532,Loyal Customers,Cluster 3,436.78432967070034,Q1 (Low)
14798,2011-10-31,12,3,173.74,5,3,1,531,Loyal Customers,Cluster 3,453.0269033645339,Q1 (Low)
17917,2011-10-31,5,3,335.03,5,3,2,532,Loyal Customers,Cluster 3,486.9285775302376,Q1 (Low)
13787,2011-11-30,65,2,309.04,3,3,2,332,Loyal Customers,Cluster 1,437.0284359994627,Q1 (Low)
17674,2011-11-30,64,2,551.04,3,3,3,333,Loyal Customers,Cluster 0,463.011804857944,Q1 (Low)
16462,2011-11-30,63,3,136.0,3,3,1,331,Loyal Customers,Cluster 1,490.84515158197246,Q1 (Low)
17950,2011-11-30,62,3,482.2,3,3,3,333,Loyal Customers,Cluster 0,446.3912897797235,Q1 (Low)
17572,2011-11-30,61,4,226.75,3,4,1,341,Loyal Customers,Cluster 0,441.6827485493468,Q1 (Low)
15579,2011-11-30,58,2,327.6,3,3,2,332,Loyal Customers,Cluster 1,444.69699793651546,Q1 (Low)
13473,2011-11-30,50,2,422.64,3,3,2,332,Loyal Customers,Cluster 0,457.3067732319674,Q1 (Low)
13666,2011-11-30,50,3,84.65,3,3,1,331,Loyal Customers,Cluster 1,391.0996567398756,Q1 (Low)
17025,2011-11-30,50,3,357.77,3,3,2,332,Loyal Customers,Cluster 0,424.5546787676281,Q1 (Low)
17913,2011-11-30,48,2,408.65,3,3,2,332,Loyal Customers,Cluster 0,438.5281643269289,Q1 (Low)
14555,2011-11-30,47,2,312.54,3,3,2,332,Loyal Customers,Cluster 1,453.4020781833417,Q1 (Low)
15012,2011-11-30,43,2,405.04,3,3,2,332,Loyal Customers,Cluster 0,436.78432967070034,Q1 (Low)
14798,2011-11-30,42,3,173.74,3,3,1,331,Loyal Customers,Cluster 1,453.0269033645339,Q1 (Low)
17917,2011-11-30,35,3,335.03,3,3,2,332,Loyal Customers,Cluster 0,486.9285775302376,Q1 (Low)
13904,2011-11-30,27,2,332.64,4,3,2,432,Loyal Customers,Cluster 3,467.43480718755825,Q1 (Low)
17999,2011-11-30,27,2,380.39,4,3,2,432,Loyal Customers,Cluster 3,427.1534446449721,Q1 (Low)
17816,2011-11-30,26,4,36.56,4,4,1,441,Champions,Cluster 1,355.0681147949577,Q1 (Low)
12838,2011-11-30,23,2,671.95,4,3,3,433,Loyal Customers,Cluster 3,476.9734728783372,Q1 (Low)
17964,2011-11-30,21,2,463.21,4,3,3,433,Loyal Customers,Cluster 3,428.4569126462988,Q1 (Low)
17235,2011-11-30,15,2,550.06,4,3,3,433,Loyal Customers,Cluster 3,432.6411440595113,Q1 (Low)
18043,2011-11-30,14,3,529.29,4,3,3,433,Loyal Customers,Cluster 3,491.63492828716466,Q1 (Low)
13569,2011-11-30,7,2,337.12,5,3,2,532,Loyal Customers,Cluster 3,449.6505234193218,Q1 (Low)
13899,2011-11-30,6,2,388.52,5,3,2,532,Loyal Customers,Cluster 3,461.480779301835,Q1 (Low)
14987,2011-11-30,5,2,326.4,5,3,2,532,Loyal Customers,Cluster 3,411.1911307452002,Q1 (Low)
17988,2011-11-30,1,7,201.12,5,5,1,551,Champions,Cluster 3,488.983789828619,Q1 (Low)
13068,2011-11-30,0,2,344.0,5,3,2,532,Loyal Customers,Cluster 3,471.0081935418317,Q1 (Low)
14448,2011-11-30,0,2,375.35,5,3,2,532,Loyal Customers,Cluster 3,481.7339596580397,Q1 (Low)
13255,2011-11-30,0,2,399.51,5,3,2,532,Loyal Customers,Cluster 3,410.3590076033408,Q1 (Low)
13496,2011-11-30,0,2,653.33,5,3,3,533,Loyal Customers,Cluster 3,409.97435152372253,Q1 (Low)
17572,2011-12-31,92,4,226.75,3,4,1,341,Loyal Customers,Cluster 0,441.6827485493468,Q1 (Low)
13473,2011-12-31,81,2,422.64,3,3,2,332,Loyal Customers,Cluster 1,457.3067732319674,Q1 (Low)
13666,2011-12-31,81,3,84.65,3,3,1,331,Loyal Customers,Cluster 1,391.0996567398756,Q1 (Low)
17025,2011-12-31,81,3,357.77,3,3,2,332,Loyal Customers,Cluster 0,424.5546787676281,Q1 (Low)
17913,2011-12-31,79,2,408.65,3,3,2,332,Loyal Customers,Cluster 1,438.5281643269289,Q1 (Low)
15012,2011-12-31,74,2,405.04,3,3,2,332,Loyal Customers,Cluster 1,436.78432967070034,Q1 (Low)
14798,2011-12-31,73,3,173.74,3,3,1,331,Loyal Customers,Cluster 1,453.0269033645339,Q1 (Low)
17917,2011-12-31,66,3,335.03,3,3,2,332,Loyal Customers,Cluster 0,486.9285775302376,Q1 (Low)
17999,2011-12-31,58,2,380.39,3,3,2,332,Loyal Customers,Cluster 1,427.1534446449721,Q1 (Low)
17816,2011-12-31,57,4,36.56,3,4,1,341,Loyal Customers,Cluster 1,355.0681147949577,Q1 (Low)
12838,2011-12-31,54,2,671.95,3,3,3,333,Loyal Customers,Cluster 0,476.9734728783372,Q1 (Low)
17964,2011-12-31,52,2,463.21,4,3,2,432,Loyal Customers,Cluster 0,428.4569126462988,Q1 (Low)
17235,2011-12-31,46,2,550.06,4,3,3,433,Loyal Customers,Cluster 0,432.6411440595113,Q1 (Low)
18043,2011-12-31,45,3,529.29,4,3,3,433,Loyal Customers,Cluster 0,491.63492828716466,Q1 (Low)
13899,2011-12-31,37,2,388.52,4,3,2,432,Loyal Customers,Cluster 0,461.480779301835,Q1 (Low)
17988,2011-12-31,32,7,201.12,5,5,1,551,Champions,Cluster 0,488.983789828619,Q1 (Low)
13068,2011-12-31,31,2,344.0,5,3,2,532,Loyal Customers,Cluster 3,471.0081935418317,Q1 (Low)
13496,2011-12-31,31,2,653.33,5,3,3,533,Loyal Customers,Cluster 0,409.97435152372253,Q1 (Low)
14448,2011-12-31,30,2,375.35,5,3,2,532,Loyal Customers,Cluster 3,481.7339596580397,Q1 (Low)
13255,2011-12-31,30,2,399.51,5,3,2,532,Loyal Customers,Cluster 3,410.3590076033408,Q1 (Low)
14594,2011-12-31,28,2,363.33,5,3,2,532,Loyal Customers,Cluster 3,369.7056268070794,Q1 (Low)
13173,2011-12-31,25,2,353.65,5,3,2,532,Loyal Customers,Cluster 3,424.7498665185723,Q1 (Low)
17817,2011-12-31,25,3,387.68,5,3,2,532,Loyal Customers,Cluster 0,479.67631403754166,Q1 (Low)
